Workbook

Sheet README
A1: Loan Recommendation Lab (educational)
A3: 80 loan applicants, their credit history, and 4 fictional loan products. Amounts in VND.
A4: Sheets applicants, history and products are the data. Sheets task1 to task5 hold one reference solution each, as Excel formulas.
A5: Score bands follow the 300-850 CIC scale. Product rules, rates and limits are invented for teaching and are not any lender's policy.

Sheet applicants
A1: applicant_id | B1: monthly_income | C1: existing_installments | D1: credit_score | E1: requested_amount | F1: requested_term
A2: 5001 | B2: 17500000 | C2: 0 | D2: 426 | E2: 131000000 | F2: 12
A3: 5002 | B3: 11000000 | C3: 4200000 | D3: 799 | E3: 29000000 | F3: 24
A4: 5003 | B4: 7000000 | C4: 0 | E4: 51000000 | F4: 12
A5: 5004 | B5: 20000000 | C5: 0 | D5: 710 | E5: 88000000 | F5: 24
A6: 5005 | B6: 20500000 | C6: 2200000 | E6: 110000000 | F6: 18
A7: 5006 | B7: 17500000 | C7: 0 | E7: 62000000 | F7: 48
A8: 5007 | B8: 8500000 | C8: 2100000 | D8: 779 | E8: 84000000 | F8: 24
A9: 5008 | B9: 11000000 | C9: 3000000 | D9: 599 | E9: 55000000 | F9: 36
A10: 5009 | B10: 11000000 | C10: 2700000 | D10: 468 | E10: 120000000 | F10: 18
A11: 5010 | B11: 7000000 | C11: 600000 | D11: 660 | E11: 32000000 | F11: 6
A12: 5011 | B12: 6000000 | C12: 0 | E12: 60000000 | F12: 12
A13: 5012 | B13: 17500000 | C13: 5800000 | E13: 166000000 | F13: 6
A14: 5013 | B14: 24000000 | C14: 7600000 | D14: 518 | E14: 111000000 | F14: 48
A15: 5014 | B15: 12500000 | C15: 0 | E15: 52000000 | F15: 24
A16: 5015 | B16: 9500000 | C16: 0 | D16: 442 | E16: 82000000 | F16: 12
A17: 5016 | B17: 26000000 | C17: 0 | E17: 200000000 | F17: 24
A18: 5017 | B18: 6000000 | C18: 0 | E18: 50000000 | F18: 48
A19: 5018 | B19: 14500000 | C19: 3600000 | D19: 631 | E19: 49000000 | F19: 6
A20: 5019 | B20: 21000000 | C20: 1300000 | D20: 699 | E20: 189000000 | F20: 48
A21: 5020 | B21: 26000000 | C21: 5100000 | E21: 191000000 | F21: 48
A22: 5021 | B22: 8500000 | C22: 3100000 | D22: 577 | E22: 33000000 | F22: 36
A23: 5022 | B23: 9500000 | C23: 1500000 | D23: 564 | E23: 45000000 | F23: 36
A24: 5023 | B24: 6000000 | C24: 0 | E24: 45000000 | F24: 48
A25: 5024 | B25: 45000000 | C25: 0 | D25: 760 | E25: 200000000 | F25: 6
A26: 5025 | B26: 13000000 | C26: 0 | D26: 563 | E26: 133000000 | F26: 6
A27: 5026 | B27: 4500000 | C27: 0 | D27: 642 | E27: 32000000 | F27: 12
A28: 5027 | B28: 10000000 | C28: 3300000 | E28: 48000000 | F28: 24
A29: 5028 | B29: 23000000 | C29: 0 | D29: 687 | E29: 154000000 | F29: 24
A30: 5029 | B30: 7500000 | C30: 2100000 | E30: 27000000 | F30: 48
A31: 5030 | B31: 15500000 | C31: 4000000 | D31: 628 | E31: 112000000 | F31: 12
A32: 5031 | B32: 8500000 | C32: 1500000 | D32: 723 | E32: 45000000 | F32: 36
A33: 5032 | B33: 4500000 | C33: 0 | D33: 842 | E33: 35000000 | F33: 36
A34: 5033 | B34: 18500000 | C34: 4700000 | D34: 413 | E34: 146000000 | F34: 48
A35: 5034 | B35: 14500000 | C35: 5500000 | D35: 840 | E35: 50000000 | F35: 24
A36: 5035 | B36: 9000000 | C36: 0 | E36: 48000000 | F36: 24
A37: 5036 | B37: 11000000 | C37: 2900000 | D37: 562 | E37: 114000000 | F37: 12
A38: 5037 | B38: 10000000 | C38: 1900000 | D38: 600 | E38: 65000000 | F38: 12
A39: 5038 | B39: 6500000 | C39: 700000 | D39: 818 | E39: 17000000 | F39: 36
A40: 5039 | B40: 9500000 | C40: 0 | D40: 612 | E40: 33000000 | F40: 12
A41: 5040 | B41: 7000000 | C41: 0 | E41: 48000000 | F41: 24
A42: 5041 | B42: 12000000 | C42: 4000000 | D42: 778 | E42: 124000000 | F42: 6
A43: 5042 | B43: 38000000 | C43: 0 | D43: 552 | E43: 200000000 | F43: 36
A44: 5043 | B44: 17000000 | C44: 1400000 | E44: 77000000 | F44: 6
A45: 5044 | B45: 23000000 | C45: 8400000 | D45: 512 | E45: 200000000 | F45: 24
A46: 5045 | B46: 14000000 | C46: 5300000 | D46: 671 | E46: 52000000 | F46: 6
A47: 5046 | B47: 7000000 | C47: 1100000 | D47: 717 | E47: 70000000 | F47: 18
A48: 5047 | B48: 13000000 | C48: 0 | D48: 593 | E48: 99000000 | F48: 36
A49: 5048 | B49: 17500000 | C49: 3000000 | D49: 592 | E49: 72000000 | F49: 12
A50: 5049 | B50: 19500000 | C50: 3800000 | D50: 570 | E50: 200000000 | F50: 6
A51: 5050 | B51: 12000000 | C51: 2000000 | D51: 672 | E51: 106000000 | F51: 24
A52: 5051 | B52: 15000000 | C52: 2700000 | D52: 700 | E52: 58000000 | F52: 24
A53: 5052 | B53: 5000000 | C53: 0 | E53: 13000000 | F53: 6
A54: 5053 | B54: 43500000 | C54: 7600000 | D54: 431 | E54: 200000000 | F54: 24
A55: 5054 | B55: 7500000 | C55: 1000000 | D55: 321 | E55: 27000000 | F55: 36
A56: 5055 | B56: 21000000 | C56: 3600000 | E56: 134000000 | F56: 24
A57: 5056 | B57: 11500000 | C57: 0 | D57: 567 | E57: 60000000 | F57: 48
A58: 5057 | B58: 7000000 | C58: 400000 | D58: 500 | E58: 52000000 | F58: 48
A59: 5058 | B59: 17000000 | C59: 1300000 | D59: 726 | E59: 47000000 | F59: 36
A60: 5059 | B60: 8500000 | C60: 3300000 | D60: 329 | E60: 75000000 | F60: 48
A61: 5060 | B61: 20000000 | C61: 0 | D61: 796 | E61: 145000000 | F61: 12
A62: 5061 | B62: 12000000 | C62: 1300000 | D62: 650 | E62: 49000000 | F62: 12
A63: 5062 | B63: 11500000 | C63: 0 | D63: 765 | E63: 120000000 | F63: 12
A64: 5063 | B64: 15500000 | C64: 3200000 | D64: 719 | E64: 92000000 | F64: 48
A65: 5064 | B65: 7000000 | C65: 2000000 | D65: 803 | E65: 49000000 | F65: 24
A66: 5065 | B66: 6500000 | C66: 0 | E66: 41000000 | F66: 24
A67: 5066 | B67: 8000000 | C67: 2600000 | D67: 659 | E67: 69000000 | F67: 24
A68: 5067 | B68: 19500000 | C68: 4600000 | D68: 710 | E68: 194000000 | F68: 48
A69: 5068 | B69: 9000000 | C69: 3300000 | D69: 770 | E69: 75000000 | F69: 12
A70: 5069 | B70: 23500000 | C70: 0 | D70: 817 | E70: 154000000 | F70: 24
A71: 5070 | B71: 20000000 | C71: 0 | D71: 424 | E71: 85000000 | F71: 36
A72: 5071 | B72: 14000000 | C72: 5100000 | D72: 719 | E72: 96000000 | F72: 18
A73: 5072 | B73: 18000000 | C73: 6300000 | D73: 653 | E73: 73000000 | F73: 12
A74: 5073 | B74: 12000000 | C74: 2000000 | E74: 41000000 | F74: 18
A75: 5074 | B75: 17000000 | C75: 0 | D75: 711 | E75: 112000000 | F75: 18
A76: 5075 | B76: 15500000 | C76: 5400000 | D76: 704 | E76: 103000000 | F76: 12
A77: 5076 | B77: 12500000 | C77: 1300000 | D77: 775 | E77: 65000000 | F77: 24
A78: 5077 | B78: 5000000 | C78: 1200000 | D78: 400 | E78: 45000000 | F78: 36
A79: 5078 | B79: 16500000 | C79: 1400000 | D79: 608 | E79: 49000000 | F79: 36
A80: 5079 | B80: 18500000 | C80: 2400000 | D80: 713 | E80: 87000000 | F80: 18
A81: 5080 | B81: 20000000 | C81: 2300000 | E81: 147000000 | F81: 48

Sheet history
A1: history_id | B1: applicant_id | C1: product_type | D1: opened | E1: amount | F1: max_dpd | G1: status
A2: 7001 | B2: 5037 | C2: Motorbike loan | D2: 44567 | E2: 31000000 | F2: 3 | G2: closed
A3: 7002 | B3: 5051 | C3: Personal loan | D3: 44591 | E3: 21000000 | F3: 8 | G3: active
A4: 7003 | B4: 5034 | C4: Personal loan | D4: 44614 | E4: 51000000 | F4: 7 | G4: active
A5: 7004 | B5: 5061 | C5: Motorbike loan | D5: 44615 | E5: 40000000 | F5: 90 | G5: closed
A6: 7005 | B6: 5038 | C6: Appliance installment | D6: 44616 | E6: 33000000 | F6: 0 | G6: closed
A7: 7006 | B7: 5025 | C7: Personal loan | D7: 44622 | E7: 47000000 | F7: 68 | G7: closed
A8: 7007 | B8: 5032 | C8: Credit card | D8: 44623 | E8: 61000000 | F8: 8 | G8: active
A9: 7008 | B9: 5039 | C9: Credit card | D9: 44623 | E9: 48000000 | F9: 7 | G9: active
A10: 7009 | B10: 5039 | C10: Personal loan | D10: 44624 | E10: 16000000 | F10: 4 | G10: closed
A11: 7010 | B11: 5058 | C11: Credit card | D11: 44634 | E11: 21000000 | F11: 3 | G11: closed
A12: 7011 | B12: 5072 | C12: Motorbike loan | D12: 44639 | E12: 46000000 | F12: 6 | G12: closed
A13: 7012 | B13: 5076 | C13: Appliance installment | D13: 44647 | E13: 79000000 | F13: 2 | G13: closed
... A152: 7151 | B152: 5074 | C152: Motorbike loan | D152: 45962 | E152: 72000000 | F152: 9 | G152: closed

Sheet products
A1: product_id | B1: name | C1: min_score | D1: min_income | E1: max_amount | F1: max_term | G1: flat_rate | H1: max_dti | I1: thin_file_ok
A2: 1 | B2: Prime | C2: 700 | D2: 15000000 | E2: 300000000 | F2: 48 | G2: 0.1 | H2: 0.5 | I2: 0
A3: 2 | B3: Standard | C3: 600 | D3: 10000000 | E3: 150000000 | F3: 36 | G3: 0.16 | H3: 0.45 | I3: 0
A4: 3 | B4: Starter | C4: 500 | D4: 7000000 | E4: 50000000 | F4: 24 | G4: 0.24 | H4: 0.4 | I4: 0
A5: 4 | B5: Micro | C5: 400 | D5: 5000000 | E5: 15000000 | F5: 12 | G5: 0.3 | H5: 0.35 | I5: 1

Sheet task1
A1: band | B1: min_score | C1: max_score | D1: applicants | E1: avg_income
A2: High | B2: 701 | C2: 850 | D2: =COUNTIFS(applicants!$D$2:$D$81,">="&B2,applicants!$D$2:$D$81,"<="&C2) -> 23 | E2: =ROUND(AVERAGEIFS(applicants!$B$2:$B$81,applicants!$D$2:$D$81,">="&B2,applicants!$D$2:$D$81,"<="&C2),0) -> 14695652
A3: Medium | B3: 501 | C3: 700 | D3: =COUNTIFS(applicants!$D$2:$D$81,">="&B3,applicants!$D$2:$D$81,"<="&C3) -> 27 | E3: =ROUND(AVERAGEIFS(applicants!$B$2:$B$81,applicants!$D$2:$D$81,">="&B3,applicants!$D$2:$D$81,"<="&C3),0) -> 14814815
A4: Low | B4: 300 | C4: 500 | D4: =COUNTIFS(applicants!$D$2:$D$81,">="&B4,applicants!$D$2:$D$81,"<="&C4) -> 10 | E4: =ROUND(AVERAGEIFS(applicants!$B$2:$B$81,applicants!$D$2:$D$81,">="&B4,applicants!$D$2:$D$81,"<="&C4),0) -> 14800000
A5: No score | D5: =COUNTIFS(applicants!$D$2:$D$81,"=") -> 20 | E5: =ROUND(AVERAGEIFS(applicants!$B$2:$B$81,applicants!$D$2:$D$81,"="),0) -> 13000000

Sheet task2
A1: applicant_id | B1: credit_score | C1: worst_dpd | D1: history_class | F1: history_class | G1: applicants | H1: avg_score
A2: 5001 | B2: 426 | C2: =IF(COUNTIF(history!$B$2:$B$152,A2)=0,"",_xlfn.MAXIFS(history!$F$2:$F$152,history!$B$2:$B$152,A2)) -> 262 | D2: =IF(C2="","No history",IF(C2>=91,"Severe",IF(C2>=10,"Watch","Clean"))) -> Severe | F2: No history | G2: =COUNTIF($D$2:$D$81,F2) -> 20 | H2: =IFERROR(ROUND(AVERAGEIFS($B$2:$B$81,$D$2:$D$81,F2),0),"")
A3: 5002 | B3: 799 | C3: =IF(COUNTIF(history!$B$2:$B$152,A3)=0,"",_xlfn.MAXIFS(history!$F$2:$F$152,history!$B$2:$B$152,A3)) -> 7 | D3: =IF(C3="","No history",IF(C3>=91,"Severe",IF(C3>=10,"Watch","Clean"))) -> Clean | F3: Clean | G3: =COUNTIF($D$2:$D$81,F3) -> 36 | H3: =IFERROR(ROUND(AVERAGEIFS($B$2:$B$81,$D$2:$D$81,F3),0),"") -> 710
A4: 5003 | C4: =IF(COUNTIF(history!$B$2:$B$152,A4)=0,"",_xlfn.MAXIFS(history!$F$2:$F$152,history!$B$2:$B$152,A4)) | D4: =IF(C4="","No history",IF(C4>=91,"Severe",IF(C4>=10,"Watch","Clean"))) -> No history | F4: Watch | G4: =COUNTIF($D$2:$D$81,F4) -> 15 | H4: =IFERROR(ROUND(AVERAGEIFS($B$2:$B$81,$D$2:$D$81,F4),0),"") -> 578
A5: 5004 | B5: 710 | C5: =IF(COUNTIF(history!$B$2:$B$152,A5)=0,"",_xlfn.MAXIFS(history!$F$2:$F$152,history!$B$2:$B$152,A5)) -> 91 | D5: =IF(C5="","No history",IF(C5>=91,"Severe",IF(C5>=10,"Watch","Clean"))) -> Severe | F5: Severe | G5: =COUNTIF($D$2:$D$81,F5) -> 9 | H5: =IFERROR(ROUND(AVERAGEIFS($B$2:$B$81,$D$2:$D$81,F5),0),"") -> 440
A6: 5005 | C6: =IF(COUNTIF(history!$B$2:$B$152,A6)=0,"",_xlfn.MAXIFS(history!$F$2:$F$152,history!$B$2:$B$152,A6)) | D6: =IF(C6="","No history",IF(C6>=91,"Severe",IF(C6>=10,"Watch","Clean"))) -> No history
A7: 5006 | C7: =IF(COUNTIF(history!$B$2:$B$152,A7)=0,"",_xlfn.MAXIFS(history!$F$2:$F$152,history!$B$2:$B$152,A7)) | D7: =IF(C7="","No history",IF(C7>=91,"Severe",IF(C7>=10,"Watch","Clean"))) -> No history
A8: 5007 | B8: 779 | C8: =IF(COUNTIF(history!$B$2:$B$152,A8)=0,"",_xlfn.MAXIFS(history!$F$2:$F$152,history!$B$2:$B$152,A8)) -> 9 | D8: =IF(C8="","No history",IF(C8>=91,"Severe",IF(C8>=10,"Watch","Clean"))) -> Clean
A9: 5008 | B9: 599 | C9: =IF(COUNTIF(history!$B$2:$B$152,A9)=0,"",_xlfn.MAXIFS(history!$F$2:$F$152,history!$B$2:$B$152,A9)) -> 6 | D9: =IF(C9="","No history",IF(C9>=91,"Severe",IF(C9>=10,"Watch","Clean"))) -> Clean
A10: 5009 | B10: 468 | C10: =IF(COUNTIF(history!$B$2:$B$152,A10)=0,"",_xlfn.MAXIFS(history!$F$2:$F$152,history!$B$2:$B$152,A10)) -> 325 | D10: =IF(C10="","No history",IF(C10>=91,"Severe",IF(C10>=10,"Watch","Clean"))) -> Severe
A11: 5010 | B11: 660 | C11: =IF(COUNTIF(history!$B$2:$B$152,A11)=0,"",_xlfn.MAXIFS(history!$F$2:$F$152,history!$B$2:$B$152,A11)) -> 36 | D11: =IF(C11="","No history",IF(C11>=91,"Severe",IF(C11>=10,"Watch","Clean"))) -> Watch
A12: 5011 | C12: =IF(COUNTIF(history!$B$2:$B$152,A12)=0,"",_xlfn.MAXIFS(history!$F$2:$F$152,history!$B$2:$B$152,A12)) | D12: =IF(C12="","No history",IF(C12>=91,"Severe",IF(C12>=10,"Watch","Clean"))) -> No history
A13: 5012 | C13: =IF(COUNTIF(history!$B$2:$B$152,A13)=0,"",_xlfn.MAXIFS(history!$F$2:$F$152,history!$B$2:$B$152,A13)) | D13: =IF(C13="","No history",IF(C13>=91,"Severe",IF(C13>=10,"Watch","Clean"))) -> No history
A14: 5013 | B14: 518 | C14: =IF(COUNTIF(history!$B$2:$B$152,A14)=0,"",_xlfn.MAXIFS(history!$F$2:$F$152,history!$B$2:$B$152,A14)) -> 65 | D14: =IF(C14="","No history",IF(C14>=91,"Severe",IF(C14>=10,"Watch","Clean"))) -> Watch
A15: 5014 | C15: =IF(COUNTIF(history!$B$2:$B$152,A15)=0,"",_xlfn.MAXIFS(history!$F$2:$F$152,history!$B$2:$B$152,A15)) | D15: =IF(C15="","No history",IF(C15>=91,"Severe",IF(C15>=10,"Watch","Clean"))) -> No history
A16: 5015 | B16: 442 | C16: =IF(COUNTIF(history!$B$2:$B$152,A16)=0,"",_xlfn.MAXIFS(history!$F$2:$F$152,history!$B$2:$B$152,A16)) -> 183 | D16: =IF(C16="","No history",IF(C16>=91,"Severe",IF(C16>=10,"Watch","Clean"))) -> Severe
A17: 5016 | C17: =IF(COUNTIF(history!$B$2:$B$152,A17)=0,"",_xlfn.MAXIFS(history!$F$2:$F$152,history!$B$2:$B$152,A17)) | D17: =IF(C17="","No history",IF(C17>=91,"Severe",IF(C17>=10,"Watch","Clean"))) -> No history
A18: 5017 | C18: =IF(COUNTIF(history!$B$2:$B$152,A18)=0,"",_xlfn.MAXIFS(history!$F$2:$F$152,history!$B$2:$B$152,A18)) | D18: =IF(C18="","No history",IF(C18>=91,"Severe",IF(C18>=10,"Watch","Clean"))) -> No history
A19: 5018 | B19: 631 | C19: =IF(COUNTIF(history!$B$2:$B$152,A19)=0,"",_xlfn.MAXIFS(history!$F$2:$F$152,history!$B$2:$B$152,A19)) -> 6 | D19: =IF(C19="","No history",IF(C19>=91,"Severe",IF(C19>=10,"Watch","Clean"))) -> Clean
A20: 5019 | B20: 699 | C20: =IF(COUNTIF(history!$B$2:$B$152,A20)=0,"",_xlfn.MAXIFS(history!$F$2:$F$152,history!$B$2:$B$152,A20)) -> 8 | D20: =IF(C20="","No history",IF(C20>=91,"Severe",IF(C20>=10,"Watch","Clean"))) -> Clean
A21: 5020 | C21: =IF(COUNTIF(history!$B$2:$B$152,A21)=0,"",_xlfn.MAXIFS(history!$F$2:$F$152,history!$B$2:$B$152,A21)) | D21: =IF(C21="","No history",IF(C21>=91,"Severe",IF(C21>=10,"Watch","Clean"))) -> No history
A22: 5021 | B22: 577 | C22: =IF(COUNTIF(history!$B$2:$B$152,A22)=0,"",_xlfn.MAXIFS(history!$F$2:$F$152,history!$B$2:$B$152,A22)) -> 77 | D22: =IF(C22="","No history",IF(C22>=91,"Severe",IF(C22>=10,"Watch","Clean"))) -> Watch
A23: 5022 | B23: 564 | C23: =IF(COUNTIF(history!$B$2:$B$152,A23)=0,"",_xlfn.MAXIFS(history!$F$2:$F$152,history!$B$2:$B$152,A23)) -> 9 | D23: =IF(C23="","No history",IF(C23>=91,"Severe",IF(C23>=10,"Watch","Clean"))) -> Clean
A24: 5023 | C24: =IF(COUNTIF(history!$B$2:$B$152,A24)=0,"",_xlfn.MAXIFS(history!$F$2:$F$152,history!$B$2:$B$152,A24)) | D24: =IF(C24="","No history",IF(C24>=91,"Severe",IF(C24>=10,"Watch","Clean"))) -> No history
A25: 5024 | B25: 760 | C25: =IF(COUNTIF(history!$B$2:$B$152,A25)=0,"",_xlfn.MAXIFS(history!$F$2:$F$152,history!$B$2:$B$152,A25)) -> 3 | D25: =IF(C25="","No history",IF(C25>=91,"Severe",IF(C25>=10,"Watch","Clean"))) -> Clean
A26: 5025 | B26: 563 | C26: =IF(COUNTIF(history!$B$2:$B$152,A26)=0,"",_xlfn.MAXIFS(history!$F$2:$F$152,history!$B$2:$B$152,A26)) -> 68 | D26: =IF(C26="","No history",IF(C26>=91,"Severe",IF(C26>=10,"Watch","Clean"))) -> Watch
A27: 5026 | B27: 642 | C27: =IF(COUNTIF(history!$B$2:$B$152,A27)=0,"",_xlfn.MAXIFS(history!$F$2:$F$152,history!$B$2:$B$152,A27)) -> 6 | D27: =IF(C27="","No history",IF(C27>=91,"Severe",IF(C27>=10,"Watch","Clean"))) -> Clean
A28: 5027 | C28: =IF(COUNTIF(history!$B$2:$B$152,A28)=0,"",_xlfn.MAXIFS(history!$F$2:$F$152,history!$B$2:$B$152,A28)) | D28: =IF(C28="","No history",IF(C28>=91,"Severe",IF(C28>=10,"Watch","Clean"))) -> No history
A29: 5028 | B29: 687 | C29: =IF(COUNTIF(history!$B$2:$B$152,A29)=0,"",_xlfn.MAXIFS(history!$F$2:$F$152,history!$B$2:$B$152,A29)) -> 4 | D29: =IF(C29="","No history",IF(C29>=91,"Severe",IF(C29>=10,"Watch","Clean"))) -> Clean
A30: 5029 | C30: =IF(COUNTIF(history!$B$2:$B$152,A30)=0,"",_xlfn.MAXIFS(history!$F$2:$F$152,history!$B$2:$B$152,A30)) | D30: =IF(C30="","No history",IF(C30>=91,"Severe",IF(C30>=10,"Watch","Clean"))) -> No history
A31: 5030 | B31: 628 | C31: =IF(COUNTIF(history!$B$2:$B$152,A31)=0,"",_xlfn.MAXIFS(history!$F$2:$F$152,history!$B$2:$B$152,A31)) -> 72 | D31: =IF(C31="","No history",IF(C31>=91,"Severe",IF(C31>=10,"Watch","Clean"))) -> Watch
A32: 5031 | B32: 723 | C32: =IF(COUNTIF(history!$B$2:$B$152,A32)=0,"",_xlfn.MAXIFS(history!$F$2:$F$152,history!$B$2:$B$152,A32)) -> 8 | D32: =IF(C32="","No history",IF(C32>=91,"Severe",IF(C32>=10,"Watch","Clean"))) -> Clean
A33: 5032 | B33: 842 | C33: =IF(COUNTIF(history!$B$2:$B$152,A33)=0,"",_xlfn.MAXIFS(history!$F$2:$F$152,history!$B$2:$B$152,A33)) -> 8 | D33: =IF(C33="","No history",IF(C33>=91,"Severe",IF(C33>=10,"Watch","Clean"))) -> Clean
A34: 5033 | B34: 413 | C34: =IF(COUNTIF(history!$B$2:$B$152,A34)=0,"",_xlfn.MAXIFS(history!$F$2:$F$152,history!$B$2:$B$152,A34)) -> 339 | D34: =IF(C34="","No history",IF(C34>=91,"Severe",IF(C34>=10,"Watch","Clean"))) -> Severe
A35: 5034 | B35: 840 | C35: =IF(COUNTIF(history!$B$2:$B$152,A35)=0,"",_xlfn.MAXIFS(history!$F$2:$F$152,history!$B$2:$B$152,A35)) -> 7 | D35: =IF(C35="","No history",IF(C35>=91,"Severe",IF(C35>=10,"Watch","Clean"))) -> Clean
A36: 5035 | C36: =IF(COUNTIF(history!$B$2:$B$152,A36)=0,"",_xlfn.MAXIFS(history!$F$2:$F$152,history!$B$2:$B$152,A36)) | D36: =IF(C36="","No history",IF(C36>=91,"Severe",IF(C36>=10,"Watch","Clean"))) -> No history
A37: 5036 | B37: 562 | C37: =IF(COUNTIF(history!$B$2:$B$152,A37)=0,"",_xlfn.MAXIFS(history!$F$2:$F$152,history!$B$2:$B$152,A37)) -> 37 | D37: =IF(C37="","No history",IF(C37>=91,"Severe",IF(C37>=10,"Watch","Clean"))) -> Watch
A38: 5037 | B38: 600 | C38: =IF(COUNTIF(history!$B$2:$B$152,A38)=0,"",_xlfn.MAXIFS(history!$F$2:$F$152,history!$B$2:$B$152,A38)) -> 7 | D38: =IF(C38="","No history",IF(C38>=91,"Severe",IF(C38>=10,"Watch","Clean"))) -> Clean
A39: 5038 | B39: 818 | C39: =IF(COUNTIF(history!$B$2:$B$152,A39)=0,"",_xlfn.MAXIFS(history!$F$2:$F$152,history!$B$2:$B$152,A39)) -> 2 | D39: =IF(C39="","No history",IF(C39>=91,"Severe",IF(C39>=10,"Watch","Clean"))) -> Clean
A40: 5039 | B40: 612 | C40: =IF(COUNTIF(history!$B$2:$B$152,A40)=0,"",_xlfn.MAXIFS(history!$F$2:$F$152,history!$B$2:$B$152,A40)) -> 17 | D40: =IF(C40="","No history",IF(C40>=91,"Severe",IF(C40>=10,"Watch","Clean"))) -> Watch
A41: 5040 | C41: =IF(COUNTIF(history!$B$2:$B$152,A41)=0,"",_xlfn.MAXIFS(history!$F$2:$F$152,history!$B$2:$B$152,A41)) | D41: =IF(C41="","No history",IF(C41>=91,"Severe",IF(C41>=10,"Watch","Clean"))) -> No history
A42: 5041 | B42: 778 | C42: =IF(COUNTIF(history!$B$2:$B$152,A42)=0,"",_xlfn.MAXIFS(history!$F$2:$F$152,history!$B$2:$B$152,A42)) -> 9 | D42: =IF(C42="","No history",IF(C42>=91,"Severe",IF(C42>=10,"Watch","Clean"))) -> Clean
A43: 5042 | B43: 552 | C43: =IF(COUNTIF(history!$B$2:$B$152,A43)=0,"",_xlfn.MAXIFS(history!$F$2:$F$152,history!$B$2:$B$152,A43)) -> 45 | D43: =IF(C43="","No history",IF(C43>=91,"Severe",IF(C43>=10,"Watch","Clean"))) -> Watch
A44: 5043 | C44: =IF(COUNTIF(history!$B$2:$B$152,A44)=0,"",_xlfn.MAXIFS(history!$F$2:$F$152,history!$B$2:$B$152,A44)) | D44: =IF(C44="","No history",IF(C44>=91,"Severe",IF(C44>=10,"Watch","Clean"))) -> No history
A45: 5044 | B45: 512 | C45: =IF(COUNTIF(history!$B$2:$B$152,A45)=0,"",_xlfn.MAXIFS(history!$F$2:$F$152,history!$B$2:$B$152,A45)) -> 11 | D45: =IF(C45="","No history",IF(C45>=91,"Severe",IF(C45>=10,"Watch","Clean"))) -> Watch
A46: 5045 | B46: 671 | C46: =IF(COUNTIF(history!$B$2:$B$152,A46)=0,"",_xlfn.MAXIFS(history!$F$2:$F$152,history!$B$2:$B$152,A46)) -> 40 | D46: =IF(C46="","No history",IF(C46>=91,"Severe",IF(C46>=10,"Watch","Clean"))) -> Watch
A47: 5046 | B47: 717 | C47: =IF(COUNTIF(history!$B$2:$B$152,A47)=0,"",_xlfn.MAXIFS(history!$F$2:$F$152,history!$B$2:$B$152,A47)) -> 9 | D47: =IF(C47="","No history",IF(C47>=91,"Severe",IF(C47>=10,"Watch","Clean"))) -> Clean
A48: 5047 | B48: 593 | C48: =IF(COUNTIF(history!$B$2:$B$152,A48)=0,"",_xlfn.MAXIFS(history!$F$2:$F$152,history!$B$2:$B$152,A48)) -> 4 | D48: =IF(C48="","No history",IF(C48>=91,"Severe",IF(C48>=10,"Watch","Clean"))) -> Clean
A49: 5048 | B49: 592 | C49: =IF(COUNTIF(history!$B$2:$B$152,A49)=0,"",_xlfn.MAXIFS(history!$F$2:$F$152,history!$B$2:$B$152,A49)) -> 57 | D49: =IF(C49="","No history",IF(C49>=91,"Severe",IF(C49>=10,"Watch","Clean"))) -> Watch
A50: 5049 | B50: 570 | C50: =IF(COUNTIF(history!$B$2:$B$152,A50)=0,"",_xlfn.MAXIFS(history!$F$2:$F$152,history!$B$2:$B$152,A50)) -> 13 | D50: =IF(C50="","No history",IF(C50>=91,"Severe",IF(C50>=10,"Watch","Clean"))) -> Watch
A51: 5050 | B51: 672 | C51: =IF(COUNTIF(history!$B$2:$B$152,A51)=0,"",_xlfn.MAXIFS(history!$F$2:$F$152,history!$B$2:$B$152,A51)) -> 7 | D51: =IF(C51="","No history",IF(C51>=91,"Severe",IF(C51>=10,"Watch","Clean"))) -> Clean
A52: 5051 | B52: 700 | C52: =IF(COUNTIF(history!$B$2:$B$152,A52)=0,"",_xlfn.MAXIFS(history!$F$2:$F$152,history!$B$2:$B$152,A52)) -> 8 | D52: =IF(C52="","No history",IF(C52>=91,"Severe",IF(C52>=10,"Watch","Clean"))) -> Clean
A53: 5052 | C53: =IF(COUNTIF(history!$B$2:$B$152,A53)=0,"",_xlfn.MAXIFS(history!$F$2:$F$152,history!$B$2:$B$152,A53)) | D53: =IF(C53="","No history",IF(C53>=91,"Severe",IF(C53>=10,"Watch","Clean"))) -> No history
A54: 5053 | B54: 431 | C54: =IF(COUNTIF(history!$B$2:$B$152,A54)=0,"",_xlfn.MAXIFS(history!$F$2:$F$152,history!$B$2:$B$152,A54)) -> 109 | D54: =IF(C54="","No history",IF(C54>=91,"Severe",IF(C54>=10,"Watch","Clean"))) -> Severe
A55: 5054 | B55: 321 | C55: =IF(COUNTIF(history!$B$2:$B$152,A55)=0,"",_xlfn.MAXIFS(history!$F$2:$F$152,history!$B$2:$B$152,A55)) -> 264 | D55: =IF(C55="","No history",IF(C55>=91,"Severe",IF(C55>=10,"Watch","Clean"))) -> Severe
A56: 5055 | C56: =IF(COUNTIF(history!$B$2:$B$152,A56)=0,"",_xlfn.MAXIFS(history!$F$2:$F$152,history!$B$2:$B$152,A56)) | D56: =IF(C56="","No history",IF(C56>=91,"Severe",IF(C56>=10,"Watch","Clean"))) -> No history
A57: 5056 | B57: 567 | C57: =IF(COUNTIF(history!$B$2:$B$152,A57)=0,"",_xlfn.MAXIFS(history!$F$2:$F$152,history!$B$2:$B$152,A57)) -> 6 | D57: =IF(C57="","No history",IF(C57>=91,"Severe",IF(C57>=10,"Watch","Clean"))) -> Clean
A58: 5057 | B58: 500 | C58: =IF(COUNTIF(history!$B$2:$B$152,A58)=0,"",_xlfn.MAXIFS(history!$F$2:$F$152,history!$B$2:$B$152,A58)) -> 9 | D58: =IF(C58="","No history",IF(C58>=91,"Severe",IF(C58>=10,"Watch","Clean"))) -> Clean
A59: 5058 | B59: 726 | C59: =IF(COUNTIF(history!$B$2:$B$152,A59)=0,"",_xlfn.MAXIFS(history!$F$2:$F$152,history!$B$2:$B$152,A59)) -> 5 | D59: =IF(C59="","No history",IF(C59>=91,"Severe",IF(C59>=10,"Watch","Clean"))) -> Clean
A60: 5059 | B60: 329 | C60: =IF(COUNTIF(history!$B$2:$B$152,A60)=0,"",_xlfn.MAXIFS(history!$F$2:$F$152,history!$B$2:$B$152,A60)) -> 155 | D60: =IF(C60="","No history",IF(C60>=91,"Severe",IF(C60>=10,"Watch","Clean"))) -> Severe
A61: 5060 | B61: 796 | C61: =IF(COUNTIF(history!$B$2:$B$152,A61)=0,"",_xlfn.MAXIFS(history!$F$2:$F$152,history!$B$2:$B$152,A61)) -> 7 | D61: =IF(C61="","No history",IF(C61>=91,"Severe",IF(C61>=10,"Watch","Clean"))) -> Clean
A62: 5061 | B62: 650 | C62: =IF(COUNTIF(history!$B$2:$B$152,A62)=0,"",_xlfn.MAXIFS(history!$F$2:$F$152,history!$B$2:$B$152,A62)) -> 90 | D62: =IF(C62="","No history",IF(C62>=91,"Severe",IF(C62>=10,"Watch","Clean"))) -> Watch
A63: 5062 | B63: 765 | C63: =IF(COUNTIF(history!$B$2:$B$152,A63)=0,"",_xlfn.MAXIFS(history!$F$2:$F$152,history!$B$2:$B$152,A63)) -> 5 | D63: =IF(C63="","No history",IF(C63>=91,"Severe",IF(C63>=10,"Watch","Clean"))) -> Clean
A64: 5063 | B64: 719 | C64: =IF(COUNTIF(history!$B$2:$B$152,A64)=0,"",_xlfn.MAXIFS(history!$F$2:$F$152,history!$B$2:$B$152,A64)) -> 8 | D64: =IF(C64="","No history",IF(C64>=91,"Severe",IF(C64>=10,"Watch","Clean"))) -> Clean
A65: 5064 | B65: 803 | C65: =IF(COUNTIF(history!$B$2:$B$152,A65)=0,"",_xlfn.MAXIFS(history!$F$2:$F$152,history!$B$2:$B$152,A65)) -> 7 | D65: =IF(C65="","No history",IF(C65>=91,"Severe",IF(C65>=10,"Watch","Clean"))) -> Clean
A66: 5065 | C66: =IF(COUNTIF(history!$B$2:$B$152,A66)=0,"",_xlfn.MAXIFS(history!$F$2:$F$152,history!$B$2:$B$152,A66)) | D66: =IF(C66="","No history",IF(C66>=91,"Severe",IF(C66>=10,"Watch","Clean"))) -> No history
A67: 5066 | B67: 659 | C67: =IF(COUNTIF(history!$B$2:$B$152,A67)=0,"",_xlfn.MAXIFS(history!$F$2:$F$152,history!$B$2:$B$152,A67)) -> 4 | D67: =IF(C67="","No history",IF(C67>=91,"Severe",IF(C67>=10,"Watch","Clean"))) -> Clean
A68: 5067 | B68: 710 | C68: =IF(COUNTIF(history!$B$2:$B$152,A68)=0,"",_xlfn.MAXIFS(history!$F$2:$F$152,history!$B$2:$B$152,A68)) -> 9 | D68: =IF(C68="","No history",IF(C68>=91,"Severe",IF(C68>=10,"Watch","Clean"))) -> Clean
A69: 5068 | B69: 770 | C69: =IF(COUNTIF(history!$B$2:$B$152,A69)=0,"",_xlfn.MAXIFS(history!$F$2:$F$152,history!$B$2:$B$152,A69)) -> 7 | D69: =IF(C69="","No history",IF(C69>=91,"Severe",IF(C69>=10,"Watch","Clean"))) -> Clean
A70: 5069 | B70: 817 | C70: =IF(COUNTIF(history!$B$2:$B$152,A70)=0,"",_xlfn.MAXIFS(history!$F$2:$F$152,history!$B$2:$B$152,A70)) -> 8 | D70: =IF(C70="","No history",IF(C70>=91,"Severe",IF(C70>=10,"Watch","Clean"))) -> Clean
A71: 5070 | B71: 424 | C71: =IF(COUNTIF(history!$B$2:$B$152,A71)=0,"",_xlfn.MAXIFS(history!$F$2:$F$152,history!$B$2:$B$152,A71)) -> 244 | D71: =IF(C71="","No history",IF(C71>=91,"Severe",IF(C71>=10,"Watch","Clean"))) -> Severe
A72: 5071 | B72: 719 | C72: =IF(COUNTIF(history!$B$2:$B$152,A72)=0,"",_xlfn.MAXIFS(history!$F$2:$F$152,history!$B$2:$B$152,A72)) -> 7 | D72: =IF(C72="","No history",IF(C72>=91,"Severe",IF(C72>=10,"Watch","Clean"))) -> Clean
A73: 5072 | B73: 653 | C73: =IF(COUNTIF(history!$B$2:$B$152,A73)=0,"",_xlfn.MAXIFS(history!$F$2:$F$152,history!$B$2:$B$152,A73)) -> 8 | D73: =IF(C73="","No history",IF(C73>=91,"Severe",IF(C73>=10,"Watch","Clean"))) -> Clean
A74: 5073 | C74: =IF(COUNTIF(history!$B$2:$B$152,A74)=0,"",_xlfn.MAXIFS(history!$F$2:$F$152,history!$B$2:$B$152,A74)) | D74: =IF(C74="","No history",IF(C74>=91,"Severe",IF(C74>=10,"Watch","Clean"))) -> No history
A75: 5074 | B75: 711 | C75: =IF(COUNTIF(history!$B$2:$B$152,A75)=0,"",_xlfn.MAXIFS(history!$F$2:$F$152,history!$B$2:$B$152,A75)) -> 9 | D75: =IF(C75="","No history",IF(C75>=91,"Severe",IF(C75>=10,"Watch","Clean"))) -> Clean
A76: 5075 | B76: 704 | C76: =IF(COUNTIF(history!$B$2:$B$152,A76)=0,"",_xlfn.MAXIFS(history!$F$2:$F$152,history!$B$2:$B$152,A76)) -> 8 | D76: =IF(C76="","No history",IF(C76>=91,"Severe",IF(C76>=10,"Watch","Clean"))) -> Clean
A77: 5076 | B77: 775 | C77: =IF(COUNTIF(history!$B$2:$B$152,A77)=0,"",_xlfn.MAXIFS(history!$F$2:$F$152,history!$B$2:$B$152,A77)) -> 8 | D77: =IF(C77="","No history",IF(C77>=91,"Severe",IF(C77>=10,"Watch","Clean"))) -> Clean
A78: 5077 | B78: 400 | C78: =IF(COUNTIF(history!$B$2:$B$152,A78)=0,"",_xlfn.MAXIFS(history!$F$2:$F$152,history!$B$2:$B$152,A78)) -> 10 | D78: =IF(C78="","No history",IF(C78>=91,"Severe",IF(C78>=10,"Watch","Clean"))) -> Watch
A79: 5078 | B79: 608 | C79: =IF(COUNTIF(history!$B$2:$B$152,A79)=0,"",_xlfn.MAXIFS(history!$F$2:$F$152,history!$B$2:$B$152,A79)) -> 32 | D79: =IF(C79="","No history",IF(C79>=91,"Severe",IF(C79>=10,"Watch","Clean"))) -> Watch
A80: 5079 | B80: 713 | C80: =IF(COUNTIF(history!$B$2:$B$152,A80)=0,"",_xlfn.MAXIFS(history!$F$2:$F$152,history!$B$2:$B$152,A80)) -> 7 | D80: =IF(C80="","No history",IF(C80>=91,"Severe",IF(C80>=10,"Watch","Clean"))) -> Clean
A81: 5080 | C81: =IF(COUNTIF(history!$B$2:$B$152,A81)=0,"",_xlfn.MAXIFS(history!$F$2:$F$152,history!$B$2:$B$152,A81)) | D81: =IF(C81="","No history",IF(C81>=91,"Severe",IF(C81>=10,"Watch","Clean"))) -> No history

Sheet task3
A1: applicant_id | B1: credit_score | C1: monthly_income | D1: worst_dpd | F1: product_id | G1: product | H1: eligible_applicants
A2: 5001 | B2: 426 | C2: 17500000 | D2: 262 | F2: 1 | G2: =INDEX(products!$B$2:$B$5,F2) -> Prime | H2: =COUNTIFS($B$2:$B$81,">="&INDEX(products!$C$2:$C$5,F2),$C$2:$C$81,">="&INDEX(products!$D$2:$D$5,F2),$D$2:$D$81,"<=90")+INDEX(products!$I$2:$I$5,F2)*(COUNTIFS($C$2:$C$81,">="&INDEX(products!$D$2:$D$5,F2),$D$2:$D$81,"<=90")-COUNTIFS($B$2:$B$81,">=0",$C$2:$C$81,">="&INDEX(products!$D$2:$D$5,F2),$D$2:$D$81,"<=90")) -> 10
A3: 5002 | B3: 799 | C3: 11000000 | D3: 7 | F3: 2 | G3: =INDEX(products!$B$2:$B$5,F3) -> Standard | H3: =COUNTIFS($B$2:$B$81,">="&INDEX(products!$C$2:$C$5,F3),$C$2:$C$81,">="&INDEX(products!$D$2:$D$5,F3),$D$2:$D$81,"<=90")+INDEX(products!$I$2:$I$5,F3)*(COUNTIFS($C$2:$C$81,">="&INDEX(products!$D$2:$D$5,F3),$D$2:$D$81,"<=90")-COUNTIFS($B$2:$B$81,">=0",$C$2:$C$81,">="&INDEX(products!$D$2:$D$5,F3),$D$2:$D$81,"<=90")) -> 26
A4: 5003 | C4: 7000000 | D4: 0 | F4: 3 | G4: =INDEX(products!$B$2:$B$5,F4) -> Starter | H4: =COUNTIFS($B$2:$B$81,">="&INDEX(products!$C$2:$C$5,F4),$C$2:$C$81,">="&INDEX(products!$D$2:$D$5,F4),$D$2:$D$81,"<=90")+INDEX(products!$I$2:$I$5,F4)*(COUNTIFS($C$2:$C$81,">="&INDEX(products!$D$2:$D$5,F4),$D$2:$D$81,"<=90")-COUNTIFS($B$2:$B$81,">=0",$C$2:$C$81,">="&INDEX(products!$D$2:$D$5,F4),$D$2:$D$81,"<=90")) -> 47
A5: 5004 | B5: 710 | C5: 20000000 | D5: 91 | F5: 4 | G5: =INDEX(products!$B$2:$B$5,F5) -> Micro | H5: =COUNTIFS($B$2:$B$81,">="&INDEX(products!$C$2:$C$5,F5),$C$2:$C$81,">="&INDEX(products!$D$2:$D$5,F5),$D$2:$D$81,"<=90")+INDEX(products!$I$2:$I$5,F5)*(COUNTIFS($C$2:$C$81,">="&INDEX(products!$D$2:$D$5,F5),$D$2:$D$81,"<=90")-COUNTIFS($B$2:$B$81,">=0",$C$2:$C$81,">="&INDEX(products!$D$2:$D$5,F5),$D$2:$D$81,"<=90")) -> 69
A6: 5005 | C6: 20500000 | D6: 0
A7: 5006 | C7: 17500000 | D7: 0
A8: 5007 | B8: 779 | C8: 8500000 | D8: 9
A9: 5008 | B9: 599 | C9: 11000000 | D9: 6
A10: 5009 | B10: 468 | C10: 11000000 | D10: 325
A11: 5010 | B11: 660 | C11: 7000000 | D11: 36
A12: 5011 | C12: 6000000 | D12: 0
A13: 5012 | C13: 17500000 | D13: 0
A14: 5013 | B14: 518 | C14: 24000000 | D14: 65
A15: 5014 | C15: 12500000 | D15: 0
A16: 5015 | B16: 442 | C16: 9500000 | D16: 183
A17: 5016 | C17: 26000000 | D17: 0
A18: 5017 | C18: 6000000 | D18: 0
A19: 5018 | B19: 631 | C19: 14500000 | D19: 6
A20: 5019 | B20: 699 | C20: 21000000 | D20: 8
A21: 5020 | C21: 26000000 | D21: 0
A22: 5021 | B22: 577 | C22: 8500000 | D22: 77
A23: 5022 | B23: 564 | C23: 9500000 | D23: 9
A24: 5023 | C24: 6000000 | D24: 0
A25: 5024 | B25: 760 | C25: 45000000 | D25: 3
A26: 5025 | B26: 563 | C26: 13000000 | D26: 68
A27: 5026 | B27: 642 | C27: 4500000 | D27: 6
A28: 5027 | C28: 10000000 | D28: 0
A29: 5028 | B29: 687 | C29: 23000000 | D29: 4
A30: 5029 | C30: 7500000 | D30: 0
A31: 5030 | B31: 628 | C31: 15500000 | D31: 72
A32: 5031 | B32: 723 | C32: 8500000 | D32: 8
A33: 5032 | B33: 842 | C33: 4500000 | D33: 8
A34: 5033 | B34: 413 | C34: 18500000 | D34: 339
A35: 5034 | B35: 840 | C35: 14500000 | D35: 7
A36: 5035 | C36: 9000000 | D36: 0
A37: 5036 | B37: 562 | C37: 11000000 | D37: 37
A38: 5037 | B38: 600 | C38: 10000000 | D38: 7
A39: 5038 | B39: 818 | C39: 6500000 | D39: 2
A40: 5039 | B40: 612 | C40: 9500000 | D40: 17
A41: 5040 | C41: 7000000 | D41: 0
A42: 5041 | B42: 778 | C42: 12000000 | D42: 9
A43: 5042 | B43: 552 | C43: 38000000 | D43: 45
A44: 5043 | C44: 17000000 | D44: 0
A45: 5044 | B45: 512 | C45: 23000000 | D45: 11
A46: 5045 | B46: 671 | C46: 14000000 | D46: 40
A47: 5046 | B47: 717 | C47: 7000000 | D47: 9
A48: 5047 | B48: 593 | C48: 13000000 | D48: 4
A49: 5048 | B49: 592 | C49: 17500000 | D49: 57
A50: 5049 | B50: 570 | C50: 19500000 | D50: 13
A51: 5050 | B51: 672 | C51: 12000000 | D51: 7
A52: 5051 | B52: 700 | C52: 15000000 | D52: 8
A53: 5052 | C53: 5000000 | D53: 0
A54: 5053 | B54: 431 | C54: 43500000 | D54: 109
A55: 5054 | B55: 321 | C55: 7500000 | D55: 264
A56: 5055 | C56: 21000000 | D56: 0
A57: 5056 | B57: 567 | C57: 11500000 | D57: 6
A58: 5057 | B58: 500 | C58: 7000000 | D58: 9
A59: 5058 | B59: 726 | C59: 17000000 | D59: 5
A60: 5059 | B60: 329 | C60: 8500000 | D60: 155
A61: 5060 | B61: 796 | C61: 20000000 | D61: 7
A62: 5061 | B62: 650 | C62: 12000000 | D62: 90
A63: 5062 | B63: 765 | C63: 11500000 | D63: 5
A64: 5063 | B64: 719 | C64: 15500000 | D64: 8
A65: 5064 | B65: 803 | C65: 7000000 | D65: 7
A66: 5065 | C66: 6500000 | D66: 0
A67: 5066 | B67: 659 | C67: 8000000 | D67: 4
A68: 5067 | B68: 710 | C68: 19500000 | D68: 9
A69: 5068 | B69: 770 | C69: 9000000 | D69: 7
A70: 5069 | B70: 817 | C70: 23500000 | D70: 8
A71: 5070 | B71: 424 | C71: 20000000 | D71: 244
A72: 5071 | B72: 719 | C72: 14000000 | D72: 7
A73: 5072 | B73: 653 | C73: 18000000 | D73: 8
A74: 5073 | C74: 12000000 | D74: 0
A75: 5074 | B75: 711 | C75: 17000000 | D75: 9
A76: 5075 | B76: 704 | C76: 15500000 | D76: 8
A77: 5076 | B77: 775 | C77: 12500000 | D77: 8
A78: 5077 | B78: 400 | C78: 5000000 | D78: 10
A79: 5078 | B79: 608 | C79: 16500000 | D79: 32
A80: 5079 | B80: 713 | C80: 18500000 | D80: 7
A81: 5080 | C81: 20000000 | D81: 0

Sheet task4
A1: applicant_id | B1: credit_score | C1: monthly_income | D1: worst_dpd | E1: Prime | F1: Standard | G1: Starter | H1: Micro | I1: recommended | K1: recommended_product | L1: applicants
A2: 5001 | B2: 426 | C2: 17500000 | D2: 262 | E2: =IF(AND($D2<=90,$C2>=INDEX(products!$D$2:$D$5,MATCH(E$1,products!$B$2:$B$5,0)),OR($B2>=INDEX(products!$C$2:$C$5,MATCH(E$1,products!$B$2:$B$5,0)),AND($B2="",INDEX(products!$I$2:$I$5,MATCH(E$1,products!$B$2:$B$5,0))=1))),1,0) -> 0 | F2: =IF(AND($D2<=90,$C2>=INDEX(products!$D$2:$D$5,MATCH(F$1,products!$B$2:$B$5,0)),OR($B2>=INDEX(products!$C$2:$C$5,MATCH(F$1,products!$B$2:$B$5,0)),AND($B2="",INDEX(products!$I$2:$I$5,MATCH(F$1,products!$B$2:$B$5,0))=1))),1,0) -> 0 | G2: =IF(AND($D2<=90,$C2>=INDEX(products!$D$2:$D$5,MATCH(G$1,products!$B$2:$B$5,0)),OR($B2>=INDEX(products!$C$2:$C$5,MATCH(G$1,products!$B$2:$B$5,0)),AND($B2="",INDEX(products!$I$2:$I$5,MATCH(G$1,products!$B$2:$B$5,0))=1))),1,0) -> 0 | H2: =IF(AND($D2<=90,$C2>=INDEX(products!$D$2:$D$5,MATCH(H$1,products!$B$2:$B$5,0)),OR($B2>=INDEX(products!$C$2:$C$5,MATCH(H$1,products!$B$2:$B$5,0)),AND($B2="",INDEX(products!$I$2:$I$5,MATCH(H$1,products!$B$2:$B$5,0))=1))),1,0) -> 0 | I2: =IFERROR(INDEX($E$1:$H$1,MATCH(1,E2:H2,0)),"No offer") -> No offer | K2: Prime | L2: =COUNTIF($I$2:$I$81,K2) -> 10
A3: 5002 | B3: 799 | C3: 11000000 | D3: 7 | E3: =IF(AND($D3<=90,$C3>=INDEX(products!$D$2:$D$5,MATCH(E$1,products!$B$2:$B$5,0)),OR($B3>=INDEX(products!$C$2:$C$5,MATCH(E$1,products!$B$2:$B$5,0)),AND($B3="",INDEX(products!$I$2:$I$5,MATCH(E$1,products!$B$2:$B$5,0))=1))),1,0) -> 0 | F3: =IF(AND($D3<=90,$C3>=INDEX(products!$D$2:$D$5,MATCH(F$1,products!$B$2:$B$5,0)),OR($B3>=INDEX(products!$C$2:$C$5,MATCH(F$1,products!$B$2:$B$5,0)),AND($B3="",INDEX(products!$I$2:$I$5,MATCH(F$1,products!$B$2:$B$5,0))=1))),1,0) -> 1 | G3: =IF(AND($D3<=90,$C3>=INDEX(products!$D$2:$D$5,MATCH(G$1,products!$B$2:$B$5,0)),OR($B3>=INDEX(products!$C$2:$C$5,MATCH(G$1,products!$B$2:$B$5,0)),AND($B3="",INDEX(products!$I$2:$I$5,MATCH(G$1,products!$B$2:$B$5,0))=1))),1,0) -> 1 | H3: =IF(AND($D3<=90,$C3>=INDEX(products!$D$2:$D$5,MATCH(H$1,products!$B$2:$B$5,0)),OR($B3>=INDEX(products!$C$2:$C$5,MATCH(H$1,products!$B$2:$B$5,0)),AND($B3="",INDEX(products!$I$2:$I$5,MATCH(H$1,products!$B$2:$B$5,0))=1))),1,0) -> 1 | I3: =IFERROR(INDEX($E$1:$H$1,MATCH(1,E3:H3,0)),"No offer") -> Standard | K3: Standard | L3: =COUNTIF($I$2:$I$81,K3) -> 16
A4: 5003 | C4: 7000000 | D4: 0 | E4: =IF(AND($D4<=90,$C4>=INDEX(products!$D$2:$D$5,MATCH(E$1,products!$B$2:$B$5,0)),OR($B4>=INDEX(products!$C$2:$C$5,MATCH(E$1,products!$B$2:$B$5,0)),AND($B4="",INDEX(products!$I$2:$I$5,MATCH(E$1,products!$B$2:$B$5,0))=1))),1,0) -> 0 | F4: =IF(AND($D4<=90,$C4>=INDEX(products!$D$2:$D$5,MATCH(F$1,products!$B$2:$B$5,0)),OR($B4>=INDEX(products!$C$2:$C$5,MATCH(F$1,products!$B$2:$B$5,0)),AND($B4="",INDEX(products!$I$2:$I$5,MATCH(F$1,products!$B$2:$B$5,0))=1))),1,0) -> 0 | G4: =IF(AND($D4<=90,$C4>=INDEX(products!$D$2:$D$5,MATCH(G$1,products!$B$2:$B$5,0)),OR($B4>=INDEX(products!$C$2:$C$5,MATCH(G$1,products!$B$2:$B$5,0)),AND($B4="",INDEX(products!$I$2:$I$5,MATCH(G$1,products!$B$2:$B$5,0))=1))),1,0) -> 0 | H4: =IF(AND($D4<=90,$C4>=INDEX(products!$D$2:$D$5,MATCH(H$1,products!$B$2:$B$5,0)),OR($B4>=INDEX(products!$C$2:$C$5,MATCH(H$1,products!$B$2:$B$5,0)),AND($B4="",INDEX(products!$I$2:$I$5,MATCH(H$1,products!$B$2:$B$5,0))=1))),1,0) -> 1 | I4: =IFERROR(INDEX($E$1:$H$1,MATCH(1,E4:H4,0)),"No offer") -> Micro | K4: Starter | L4: =COUNTIF($I$2:$I$81,K4) -> 21
A5: 5004 | B5: 710 | C5: 20000000 | D5: 91 | E5: =IF(AND($D5<=90,$C5>=INDEX(products!$D$2:$D$5,MATCH(E$1,products!$B$2:$B$5,0)),OR($B5>=INDEX(products!$C$2:$C$5,MATCH(E$1,products!$B$2:$B$5,0)),AND($B5="",INDEX(products!$I$2:$I$5,MATCH(E$1,products!$B$2:$B$5,0))=1))),1,0) -> 0 | F5: =IF(AND($D5<=90,$C5>=INDEX(products!$D$2:$D$5,MATCH(F$1,products!$B$2:$B$5,0)),OR($B5>=INDEX(products!$C$2:$C$5,MATCH(F$1,products!$B$2:$B$5,0)),AND($B5="",INDEX(products!$I$2:$I$5,MATCH(F$1,products!$B$2:$B$5,0))=1))),1,0) -> 0 | G5: =IF(AND($D5<=90,$C5>=INDEX(products!$D$2:$D$5,MATCH(G$1,products!$B$2:$B$5,0)),OR($B5>=INDEX(products!$C$2:$C$5,MATCH(G$1,products!$B$2:$B$5,0)),AND($B5="",INDEX(products!$I$2:$I$5,MATCH(G$1,products!$B$2:$B$5,0))=1))),1,0) -> 0 | H5: =IF(AND($D5<=90,$C5>=INDEX(products!$D$2:$D$5,MATCH(H$1,products!$B$2:$B$5,0)),OR($B5>=INDEX(products!$C$2:$C$5,MATCH(H$1,products!$B$2:$B$5,0)),AND($B5="",INDEX(products!$I$2:$I$5,MATCH(H$1,products!$B$2:$B$5,0))=1))),1,0) -> 0 | I5: =IFERROR(INDEX($E$1:$H$1,MATCH(1,E5:H5,0)),"No offer") -> No offer | K5: Micro | L5: =COUNTIF($I$2:$I$81,K5) -> 22
A6: 5005 | C6: 20500000 | D6: 0 | E6: =IF(AND($D6<=90,$C6>=INDEX(products!$D$2:$D$5,MATCH(E$1,products!$B$2:$B$5,0)),OR($B6>=INDEX(products!$C$2:$C$5,MATCH(E$1,products!$B$2:$B$5,0)),AND($B6="",INDEX(products!$I$2:$I$5,MATCH(E$1,products!$B$2:$B$5,0))=1))),1,0) -> 0 | F6: =IF(AND($D6<=90,$C6>=INDEX(products!$D$2:$D$5,MATCH(F$1,products!$B$2:$B$5,0)),OR($B6>=INDEX(products!$C$2:$C$5,MATCH(F$1,products!$B$2:$B$5,0)),AND($B6="",INDEX(products!$I$2:$I$5,MATCH(F$1,products!$B$2:$B$5,0))=1))),1,0) -> 0 | G6: =IF(AND($D6<=90,$C6>=INDEX(products!$D$2:$D$5,MATCH(G$1,products!$B$2:$B$5,0)),OR($B6>=INDEX(products!$C$2:$C$5,MATCH(G$1,products!$B$2:$B$5,0)),AND($B6="",INDEX(products!$I$2:$I$5,MATCH(G$1,products!$B$2:$B$5,0))=1))),1,0) -> 0 | H6: =IF(AND($D6<=90,$C6>=INDEX(products!$D$2:$D$5,MATCH(H$1,products!$B$2:$B$5,0)),OR($B6>=INDEX(products!$C$2:$C$5,MATCH(H$1,products!$B$2:$B$5,0)),AND($B6="",INDEX(products!$I$2:$I$5,MATCH(H$1,products!$B$2:$B$5,0))=1))),1,0) -> 1 | I6: =IFERROR(INDEX($E$1:$H$1,MATCH(1,E6:H6,0)),"No offer") -> Micro | K6: No offer | L6: =COUNTIF($I$2:$I$81,K6) -> 11
A7: 5006 | C7: 17500000 | D7: 0 | E7: =IF(AND($D7<=90,$C7>=INDEX(products!$D$2:$D$5,MATCH(E$1,products!$B$2:$B$5,0)),OR($B7>=INDEX(products!$C$2:$C$5,MATCH(E$1,products!$B$2:$B$5,0)),AND($B7="",INDEX(products!$I$2:$I$5,MATCH(E$1,products!$B$2:$B$5,0))=1))),1,0) -> 0 | F7: =IF(AND($D7<=90,$C7>=INDEX(products!$D$2:$D$5,MATCH(F$1,products!$B$2:$B$5,0)),OR($B7>=INDEX(products!$C$2:$C$5,MATCH(F$1,products!$B$2:$B$5,0)),AND($B7="",INDEX(products!$I$2:$I$5,MATCH(F$1,products!$B$2:$B$5,0))=1))),1,0) -> 0 | G7: =IF(AND($D7<=90,$C7>=INDEX(products!$D$2:$D$5,MATCH(G$1,products!$B$2:$B$5,0)),OR($B7>=INDEX(products!$C$2:$C$5,MATCH(G$1,products!$B$2:$B$5,0)),AND($B7="",INDEX(products!$I$2:$I$5,MATCH(G$1,products!$B$2:$B$5,0))=1))),1,0) -> 0 | H7: =IF(AND($D7<=90,$C7>=INDEX(products!$D$2:$D$5,MATCH(H$1,products!$B$2:$B$5,0)),OR($B7>=INDEX(products!$C$2:$C$5,MATCH(H$1,products!$B$2:$B$5,0)),AND($B7="",INDEX(products!$I$2:$I$5,MATCH(H$1,products!$B$2:$B$5,0))=1))),1,0) -> 1 | I7: =IFERROR(INDEX($E$1:$H$1,MATCH(1,E7:H7,0)),"No offer") -> Micro
A8: 5007 | B8: 779 | C8: 8500000 | D8: 9 | E8: =IF(AND($D8<=90,$C8>=INDEX(products!$D$2:$D$5,MATCH(E$1,products!$B$2:$B$5,0)),OR($B8>=INDEX(products!$C$2:$C$5,MATCH(E$1,products!$B$2:$B$5,0)),AND($B8="",INDEX(products!$I$2:$I$5,MATCH(E$1,products!$B$2:$B$5,0))=1))),1,0) -> 0 | F8: =IF(AND($D8<=90,$C8>=INDEX(products!$D$2:$D$5,MATCH(F$1,products!$B$2:$B$5,0)),OR($B8>=INDEX(products!$C$2:$C$5,MATCH(F$1,products!$B$2:$B$5,0)),AND($B8="",INDEX(products!$I$2:$I$5,MATCH(F$1,products!$B$2:$B$5,0))=1))),1,0) -> 0 | G8: =IF(AND($D8<=90,$C8>=INDEX(products!$D$2:$D$5,MATCH(G$1,products!$B$2:$B$5,0)),OR($B8>=INDEX(products!$C$2:$C$5,MATCH(G$1,products!$B$2:$B$5,0)),AND($B8="",INDEX(products!$I$2:$I$5,MATCH(G$1,products!$B$2:$B$5,0))=1))),1,0) -> 1 | H8: =IF(AND($D8<=90,$C8>=INDEX(products!$D$2:$D$5,MATCH(H$1,products!$B$2:$B$5,0)),OR($B8>=INDEX(products!$C$2:$C$5,MATCH(H$1,products!$B$2:$B$5,0)),AND($B8="",INDEX(products!$I$2:$I$5,MATCH(H$1,products!$B$2:$B$5,0))=1))),1,0) -> 1 | I8: =IFERROR(INDEX($E$1:$H$1,MATCH(1,E8:H8,0)),"No offer") -> Starter
A9: 5008 | B9: 599 | C9: 11000000 | D9: 6 | E9: =IF(AND($D9<=90,$C9>=INDEX(products!$D$2:$D$5,MATCH(E$1,products!$B$2:$B$5,0)),OR($B9>=INDEX(products!$C$2:$C$5,MATCH(E$1,products!$B$2:$B$5,0)),AND($B9="",INDEX(products!$I$2:$I$5,MATCH(E$1,products!$B$2:$B$5,0))=1))),1,0) -> 0 | F9: =IF(AND($D9<=90,$C9>=INDEX(products!$D$2:$D$5,MATCH(F$1,products!$B$2:$B$5,0)),OR($B9>=INDEX(products!$C$2:$C$5,MATCH(F$1,products!$B$2:$B$5,0)),AND($B9="",INDEX(products!$I$2:$I$5,MATCH(F$1,products!$B$2:$B$5,0))=1))),1,0) -> 0 | G9: =IF(AND($D9<=90,$C9>=INDEX(products!$D$2:$D$5,MATCH(G$1,products!$B$2:$B$5,0)),OR($B9>=INDEX(products!$C$2:$C$5,MATCH(G$1,products!$B$2:$B$5,0)),AND($B9="",INDEX(products!$I$2:$I$5,MATCH(G$1,products!$B$2:$B$5,0))=1))),1,0) -> 1 | H9: =IF(AND($D9<=90,$C9>=INDEX(products!$D$2:$D$5,MATCH(H$1,products!$B$2:$B$5,0)),OR($B9>=INDEX(products!$C$2:$C$5,MATCH(H$1,products!$B$2:$B$5,0)),AND($B9="",INDEX(products!$I$2:$I$5,MATCH(H$1,products!$B$2:$B$5,0))=1))),1,0) -> 1 | I9: =IFERROR(INDEX($E$1:$H$1,MATCH(1,E9:H9,0)),"No offer") -> Starter
A10: 5009 | B10: 468 | C10: 11000000 | D10: 325 | E10: =IF(AND($D10<=90,$C10>=INDEX(products!$D$2:$D$5,MATCH(E$1,products!$B$2:$B$5,0)),OR($B10>=INDEX(products!$C$2:$C$5,MATCH(E$1,products!$B$2:$B$5,0)),AND($B10="",INDEX(products!$I$2:$I$5,MATCH(E$1,products!$B$2:$B$5,0))=1))),1,0) -> 0 | F10: =IF(AND($D10<=90,$C10>=INDEX(products!$D$2:$D$5,MATCH(F$1,products!$B$2:$B$5,0)),OR($B10>=INDEX(products!$C$2:$C$5,MATCH(F$1,products!$B$2:$B$5,0)),AND($B10="",INDEX(products!$I$2:$I$5,MATCH(F$1,products!$B$2:$B$5,0))=1))),1,0) -> 0 | G10: =IF(AND($D10<=90,$C10>=INDEX(products!$D$2:$D$5,MATCH(G$1,products!$B$2:$B$5,0)),OR($B10>=INDEX(products!$C$2:$C$5,MATCH(G$1,products!$B$2:$B$5,0)),AND($B10="",INDEX(products!$I$2:$I$5,MATCH(G$1,products!$B$2:$B$5,0))=1))),1,0) -> 0 | H10: =IF(AND($D10<=90,$C10>=INDEX(products!$D$2:$D$5,MATCH(H$1,products!$B$2:$B$5,0)),OR($B10>=INDEX(products!$C$2:$C$5,MATCH(H$1,products!$B$2:$B$5,0)),AND($B10="",INDEX(products!$I$2:$I$5,MATCH(H$1,products!$B$2:$B$5,0))=1))),1,0) -> 0 | I10: =IFERROR(INDEX($E$1:$H$1,MATCH(1,E10:H10,0)),"No offer") -> No offer
A11: 5010 | B11: 660 | C11: 7000000 | D11: 36 | E11: =IF(AND($D11<=90,$C11>=INDEX(products!$D$2:$D$5,MATCH(E$1,products!$B$2:$B$5,0)),OR($B11>=INDEX(products!$C$2:$C$5,MATCH(E$1,products!$B$2:$B$5,0)),AND($B11="",INDEX(products!$I$2:$I$5,MATCH(E$1,products!$B$2:$B$5,0))=1))),1,0) -> 0 | F11: =IF(AND($D11<=90,$C11>=INDEX(products!$D$2:$D$5,MATCH(F$1,products!$B$2:$B$5,0)),OR($B11>=INDEX(products!$C$2:$C$5,MATCH(F$1,products!$B$2:$B$5,0)),AND($B11="",INDEX(products!$I$2:$I$5,MATCH(F$1,products!$B$2:$B$5,0))=1))),1,0) -> 0 | G11: =IF(AND($D11<=90,$C11>=INDEX(products!$D$2:$D$5,MATCH(G$1,products!$B$2:$B$5,0)),OR($B11>=INDEX(products!$C$2:$C$5,MATCH(G$1,products!$B$2:$B$5,0)),AND($B11="",INDEX(products!$I$2:$I$5,MATCH(G$1,products!$B$2:$B$5,0))=1))),1,0) -> 1 | H11: =IF(AND($D11<=90,$C11>=INDEX(products!$D$2:$D$5,MATCH(H$1,products!$B$2:$B$5,0)),OR($B11>=INDEX(products!$C$2:$C$5,MATCH(H$1,products!$B$2:$B$5,0)),AND($B11="",INDEX(products!$I$2:$I$5,MATCH(H$1,products!$B$2:$B$5,0))=1))),1,0) -> 1 | I11: =IFERROR(INDEX($E$1:$H$1,MATCH(1,E11:H11,0)),"No offer") -> Starter
A12: 5011 | C12: 6000000 | D12: 0 | E12: =IF(AND($D12<=90,$C12>=INDEX(products!$D$2:$D$5,MATCH(E$1,products!$B$2:$B$5,0)),OR($B12>=INDEX(products!$C$2:$C$5,MATCH(E$1,products!$B$2:$B$5,0)),AND($B12="",INDEX(products!$I$2:$I$5,MATCH(E$1,products!$B$2:$B$5,0))=1))),1,0) -> 0 | F12: =IF(AND($D12<=90,$C12>=INDEX(products!$D$2:$D$5,MATCH(F$1,products!$B$2:$B$5,0)),OR($B12>=INDEX(products!$C$2:$C$5,MATCH(F$1,products!$B$2:$B$5,0)),AND($B12="",INDEX(products!$I$2:$I$5,MATCH(F$1,products!$B$2:$B$5,0))=1))),1,0) -> 0 | G12: =IF(AND($D12<=90,$C12>=INDEX(products!$D$2:$D$5,MATCH(G$1,products!$B$2:$B$5,0)),OR($B12>=INDEX(products!$C$2:$C$5,MATCH(G$1,products!$B$2:$B$5,0)),AND($B12="",INDEX(products!$I$2:$I$5,MATCH(G$1,products!$B$2:$B$5,0))=1))),1,0) -> 0 | H12: =IF(AND($D12<=90,$C12>=INDEX(products!$D$2:$D$5,MATCH(H$1,products!$B$2:$B$5,0)),OR($B12>=INDEX(products!$C$2:$C$5,MATCH(H$1,products!$B$2:$B$5,0)),AND($B12="",INDEX(products!$I$2:$I$5,MATCH(H$1,products!$B$2:$B$5,0))=1))),1,0) -> 1 | I12: =IFERROR(INDEX($E$1:$H$1,MATCH(1,E12:H12,0)),"No offer") -> Micro
A13: 5012 | C13: 17500000 | D13: 0 | E13: =IF(AND($D13<=90,$C13>=INDEX(products!$D$2:$D$5,MATCH(E$1,products!$B$2:$B$5,0)),OR($B13>=INDEX(products!$C$2:$C$5,MATCH(E$1,products!$B$2:$B$5,0)),AND($B13="",INDEX(products!$I$2:$I$5,MATCH(E$1,products!$B$2:$B$5,0))=1))),1,0) -> 0 | F13: =IF(AND($D13<=90,$C13>=INDEX(products!$D$2:$D$5,MATCH(F$1,products!$B$2:$B$5,0)),OR($B13>=INDEX(products!$C$2:$C$5,MATCH(F$1,products!$B$2:$B$5,0)),AND($B13="",INDEX(products!$I$2:$I$5,MATCH(F$1,products!$B$2:$B$5,0))=1))),1,0) -> 0 | G13: =IF(AND($D13<=90,$C13>=INDEX(products!$D$2:$D$5,MATCH(G$1,products!$B$2:$B$5,0)),OR($B13>=INDEX(products!$C$2:$C$5,MATCH(G$1,products!$B$2:$B$5,0)),AND($B13="",INDEX(products!$I$2:$I$5,MATCH(G$1,products!$B$2:$B$5,0))=1))),1,0) -> 0 | H13: =IF(AND($D13<=90,$C13>=INDEX(products!$D$2:$D$5,MATCH(H$1,products!$B$2:$B$5,0)),OR($B13>=INDEX(products!$C$2:$C$5,MATCH(H$1,products!$B$2:$B$5,0)),AND($B13="",INDEX(products!$I$2:$I$5,MATCH(H$1,products!$B$2:$B$5,0))=1))),1,0) -> 1 | I13: =IFERROR(INDEX($E$1:$H$1,MATCH(1,E13:H13,0)),"No offer") -> Micro
A14: 5013 | B14: 518 | C14: 24000000 | D14: 65 | E14: =IF(AND($D14<=90,$C14>=INDEX(products!$D$2:$D$5,MATCH(E$1,products!$B$2:$B$5,0)),OR($B14>=INDEX(products!$C$2:$C$5,MATCH(E$1,products!$B$2:$B$5,0)),AND($B14="",INDEX(products!$I$2:$I$5,MATCH(E$1,products!$B$2:$B$5,0))=1))),1,0) -> 0 | F14: =IF(AND($D14<=90,$C14>=INDEX(products!$D$2:$D$5,MATCH(F$1,products!$B$2:$B$5,0)),OR($B14>=INDEX(products!$C$2:$C$5,MATCH(F$1,products!$B$2:$B$5,0)),AND($B14="",INDEX(products!$I$2:$I$5,MATCH(F$1,products!$B$2:$B$5,0))=1))),1,0) -> 0 | G14: =IF(AND($D14<=90,$C14>=INDEX(products!$D$2:$D$5,MATCH(G$1,products!$B$2:$B$5,0)),OR($B14>=INDEX(products!$C$2:$C$5,MATCH(G$1,products!$B$2:$B$5,0)),AND($B14="",INDEX(products!$I$2:$I$5,MATCH(G$1,products!$B$2:$B$5,0))=1))),1,0) -> 1 | H14: =IF(AND($D14<=90,$C14>=INDEX(products!$D$2:$D$5,MATCH(H$1,products!$B$2:$B$5,0)),OR($B14>=INDEX(products!$C$2:$C$5,MATCH(H$1,products!$B$2:$B$5,0)),AND($B14="",INDEX(products!$I$2:$I$5,MATCH(H$1,products!$B$2:$B$5,0))=1))),1,0) -> 1 | I14: =IFERROR(INDEX($E$1:$H$1,MATCH(1,E14:H14,0)),"No offer") -> Starter
A15: 5014 | C15: 12500000 | D15: 0 | E15: =IF(AND($D15<=90,$C15>=INDEX(products!$D$2:$D$5,MATCH(E$1,products!$B$2:$B$5,0)),OR($B15>=INDEX(products!$C$2:$C$5,MATCH(E$1,products!$B$2:$B$5,0)),AND($B15="",INDEX(products!$I$2:$I$5,MATCH(E$1,products!$B$2:$B$5,0))=1))),1,0) -> 0 | F15: =IF(AND($D15<=90,$C15>=INDEX(products!$D$2:$D$5,MATCH(F$1,products!$B$2:$B$5,0)),OR($B15>=INDEX(products!$C$2:$C$5,MATCH(F$1,products!$B$2:$B$5,0)),AND($B15="",INDEX(products!$I$2:$I$5,MATCH(F$1,products!$B$2:$B$5,0))=1))),1,0) -> 0 | G15: =IF(AND($D15<=90,$C15>=INDEX(products!$D$2:$D$5,MATCH(G$1,products!$B$2:$B$5,0)),OR($B15>=INDEX(products!$C$2:$C$5,MATCH(G$1,products!$B$2:$B$5,0)),AND($B15="",INDEX(products!$I$2:$I$5,MATCH(G$1,products!$B$2:$B$5,0))=1))),1,0) -> 0 | H15: =IF(AND($D15<=90,$C15>=INDEX(products!$D$2:$D$5,MATCH(H$1,products!$B$2:$B$5,0)),OR($B15>=INDEX(products!$C$2:$C$5,MATCH(H$1,products!$B$2:$B$5,0)),AND($B15="",INDEX(products!$I$2:$I$5,MATCH(H$1,products!$B$2:$B$5,0))=1))),1,0) -> 1 | I15: =IFERROR(INDEX($E$1:$H$1,MATCH(1,E15:H15,0)),"No offer") -> Micro
A16: 5015 | B16: 442 | C16: 9500000 | D16: 183 | E16: =IF(AND($D16<=90,$C16>=INDEX(products!$D$2:$D$5,MATCH(E$1,products!$B$2:$B$5,0)),OR($B16>=INDEX(products!$C$2:$C$5,MATCH(E$1,products!$B$2:$B$5,0)),AND($B16="",INDEX(products!$I$2:$I$5,MATCH(E$1,products!$B$2:$B$5,0))=1))),1,0) -> 0 | F16: =IF(AND($D16<=90,$C16>=INDEX(products!$D$2:$D$5,MATCH(F$1,products!$B$2:$B$5,0)),OR($B16>=INDEX(products!$C$2:$C$5,MATCH(F$1,products!$B$2:$B$5,0)),AND($B16="",INDEX(products!$I$2:$I$5,MATCH(F$1,products!$B$2:$B$5,0))=1))),1,0) -> 0 | G16: =IF(AND($D16<=90,$C16>=INDEX(products!$D$2:$D$5,MATCH(G$1,products!$B$2:$B$5,0)),OR($B16>=INDEX(products!$C$2:$C$5,MATCH(G$1,products!$B$2:$B$5,0)),AND($B16="",INDEX(products!$I$2:$I$5,MATCH(G$1,products!$B$2:$B$5,0))=1))),1,0) -> 0 | H16: =IF(AND($D16<=90,$C16>=INDEX(products!$D$2:$D$5,MATCH(H$1,products!$B$2:$B$5,0)),OR($B16>=INDEX(products!$C$2:$C$5,MATCH(H$1,products!$B$2:$B$5,0)),AND($B16="",INDEX(products!$I$2:$I$5,MATCH(H$1,products!$B$2:$B$5,0))=1))),1,0) -> 0 | I16: =IFERROR(INDEX($E$1:$H$1,MATCH(1,E16:H16,0)),"No offer") -> No offer
A17: 5016 | C17: 26000000 | D17: 0 | E17: =IF(AND($D17<=90,$C17>=INDEX(products!$D$2:$D$5,MATCH(E$1,products!$B$2:$B$5,0)),OR($B17>=INDEX(products!$C$2:$C$5,MATCH(E$1,products!$B$2:$B$5,0)),AND($B17="",INDEX(products!$I$2:$I$5,MATCH(E$1,products!$B$2:$B$5,0))=1))),1,0) -> 0 | F17: =IF(AND($D17<=90,$C17>=INDEX(products!$D$2:$D$5,MATCH(F$1,products!$B$2:$B$5,0)),OR($B17>=INDEX(products!$C$2:$C$5,MATCH(F$1,products!$B$2:$B$5,0)),AND($B17="",INDEX(products!$I$2:$I$5,MATCH(F$1,products!$B$2:$B$5,0))=1))),1,0) -> 0 | G17: =IF(AND($D17<=90,$C17>=INDEX(products!$D$2:$D$5,MATCH(G$1,products!$B$2:$B$5,0)),OR($B17>=INDEX(products!$C$2:$C$5,MATCH(G$1,products!$B$2:$B$5,0)),AND($B17="",INDEX(products!$I$2:$I$5,MATCH(G$1,products!$B$2:$B$5,0))=1))),1,0) -> 0 | H17: =IF(AND($D17<=90,$C17>=INDEX(products!$D$2:$D$5,MATCH(H$1,products!$B$2:$B$5,0)),OR($B17>=INDEX(products!$C$2:$C$5,MATCH(H$1,products!$B$2:$B$5,0)),AND($B17="",INDEX(products!$I$2:$I$5,MATCH(H$1,products!$B$2:$B$5,0))=1))),1,0) -> 1 | I17: =IFERROR(INDEX($E$1:$H$1,MATCH(1,E17:H17,0)),"No offer") -> Micro
A18: 5017 | C18: 6000000 | D18: 0 | E18: =IF(AND($D18<=90,$C18>=INDEX(products!$D$2:$D$5,MATCH(E$1,products!$B$2:$B$5,0)),OR($B18>=INDEX(products!$C$2:$C$5,MATCH(E$1,products!$B$2:$B$5,0)),AND($B18="",INDEX(products!$I$2:$I$5,MATCH(E$1,products!$B$2:$B$5,0))=1))),1,0) -> 0 | F18: =IF(AND($D18<=90,$C18>=INDEX(products!$D$2:$D$5,MATCH(F$1,products!$B$2:$B$5,0)),OR($B18>=INDEX(products!$C$2:$C$5,MATCH(F$1,products!$B$2:$B$5,0)),AND($B18="",INDEX(products!$I$2:$I$5,MATCH(F$1,products!$B$2:$B$5,0))=1))),1,0) -> 0 | G18: =IF(AND($D18<=90,$C18>=INDEX(products!$D$2:$D$5,MATCH(G$1,products!$B$2:$B$5,0)),OR($B18>=INDEX(products!$C$2:$C$5,MATCH(G$1,products!$B$2:$B$5,0)),AND($B18="",INDEX(products!$I$2:$I$5,MATCH(G$1,products!$B$2:$B$5,0))=1))),1,0) -> 0 | H18: =IF(AND($D18<=90,$C18>=INDEX(products!$D$2:$D$5,MATCH(H$1,products!$B$2:$B$5,0)),OR($B18>=INDEX(products!$C$2:$C$5,MATCH(H$1,products!$B$2:$B$5,0)),AND($B18="",INDEX(products!$I$2:$I$5,MATCH(H$1,products!$B$2:$B$5,0))=1))),1,0) -> 1 | I18: =IFERROR(INDEX($E$1:$H$1,MATCH(1,E18:H18,0)),"No offer") -> Micro
A19: 5018 | B19: 631 | C19: 14500000 | D19: 6 | E19: =IF(AND($D19<=90,$C19>=INDEX(products!$D$2:$D$5,MATCH(E$1,products!$B$2:$B$5,0)),OR($B19>=INDEX(products!$C$2:$C$5,MATCH(E$1,products!$B$2:$B$5,0)),AND($B19="",INDEX(products!$I$2:$I$5,MATCH(E$1,products!$B$2:$B$5,0))=1))),1,0) -> 0 | F19: =IF(AND($D19<=90,$C19>=INDEX(products!$D$2:$D$5,MATCH(F$1,products!$B$2:$B$5,0)),OR($B19>=INDEX(products!$C$2:$C$5,MATCH(F$1,products!$B$2:$B$5,0)),AND($B19="",INDEX(products!$I$2:$I$5,MATCH(F$1,products!$B$2:$B$5,0))=1))),1,0) -> 1 | G19: =IF(AND($D19<=90,$C19>=INDEX(products!$D$2:$D$5,MATCH(G$1,products!$B$2:$B$5,0)),OR($B19>=INDEX(products!$C$2:$C$5,MATCH(G$1,products!$B$2:$B$5,0)),AND($B19="",INDEX(products!$I$2:$I$5,MATCH(G$1,products!$B$2:$B$5,0))=1))),1,0) -> 1 | H19: =IF(AND($D19<=90,$C19>=INDEX(products!$D$2:$D$5,MATCH(H$1,products!$B$2:$B$5,0)),OR($B19>=INDEX(products!$C$2:$C$5,MATCH(H$1,products!$B$2:$B$5,0)),AND($B19="",INDEX(products!$I$2:$I$5,MATCH(H$1,products!$B$2:$B$5,0))=1))),1,0) -> 1 | I19: =IFERROR(INDEX($E$1:$H$1,MATCH(1,E19:H19,0)),"No offer") -> Standard
A20: 5019 | B20: 699 | C20: 21000000 | D20: 8 | E20: =IF(AND($D20<=90,$C20>=INDEX(products!$D$2:$D$5,MATCH(E$1,products!$B$2:$B$5,0)),OR($B20>=INDEX(products!$C$2:$C$5,MATCH(E$1,products!$B$2:$B$5,0)),AND($B20="",INDEX(products!$I$2:$I$5,MATCH(E$1,products!$B$2:$B$5,0))=1))),1,0) -> 0 | F20: =IF(AND($D20<=90,$C20>=INDEX(products!$D$2:$D$5,MATCH(F$1,products!$B$2:$B$5,0)),OR($B20>=INDEX(products!$C$2:$C$5,MATCH(F$1,products!$B$2:$B$5,0)),AND($B20="",INDEX(products!$I$2:$I$5,MATCH(F$1,products!$B$2:$B$5,0))=1))),1,0) -> 1 | G20: =IF(AND($D20<=90,$C20>=INDEX(products!$D$2:$D$5,MATCH(G$1,products!$B$2:$B$5,0)),OR($B20>=INDEX(products!$C$2:$C$5,MATCH(G$1,products!$B$2:$B$5,0)),AND($B20="",INDEX(products!$I$2:$I$5,MATCH(G$1,products!$B$2:$B$5,0))=1))),1,0) -> 1 | H20: =IF(AND($D20<=90,$C20>=INDEX(products!$D$2:$D$5,MATCH(H$1,products!$B$2:$B$5,0)),OR($B20>=INDEX(products!$C$2:$C$5,MATCH(H$1,products!$B$2:$B$5,0)),AND($B20="",INDEX(products!$I$2:$I$5,MATCH(H$1,products!$B$2:$B$5,0))=1))),1,0) -> 1 | I20: =IFERROR(INDEX($E$1:$H$1,MATCH(1,E20:H20,0)),"No offer") -> Standard
A21: 5020 | C21: 26000000 | D21: 0 | E21: =IF(AND($D21<=90,$C21>=INDEX(products!$D$2:$D$5,MATCH(E$1,products!$B$2:$B$5,0)),OR($B21>=INDEX(products!$C$2:$C$5,MATCH(E$1,products!$B$2:$B$5,0)),AND($B21="",INDEX(products!$I$2:$I$5,MATCH(E$1,products!$B$2:$B$5,0))=1))),1,0) -> 0 | F21: =IF(AND($D21<=90,$C21>=INDEX(products!$D$2:$D$5,MATCH(F$1,products!$B$2:$B$5,0)),OR($B21>=INDEX(products!$C$2:$C$5,MATCH(F$1,products!$B$2:$B$5,0)),AND($B21="",INDEX(products!$I$2:$I$5,MATCH(F$1,products!$B$2:$B$5,0))=1))),1,0) -> 0 | G21: =IF(AND($D21<=90,$C21>=INDEX(products!$D$2:$D$5,MATCH(G$1,products!$B$2:$B$5,0)),OR($B21>=INDEX(products!$C$2:$C$5,MATCH(G$1,products!$B$2:$B$5,0)),AND($B21="",INDEX(products!$I$2:$I$5,MATCH(G$1,products!$B$2:$B$5,0))=1))),1,0) -> 0 | H21: =IF(AND($D21<=90,$C21>=INDEX(products!$D$2:$D$5,MATCH(H$1,products!$B$2:$B$5,0)),OR($B21>=INDEX(products!$C$2:$C$5,MATCH(H$1,products!$B$2:$B$5,0)),AND($B21="",INDEX(products!$I$2:$I$5,MATCH(H$1,products!$B$2:$B$5,0))=1))),1,0) -> 1 | I21: =IFERROR(INDEX($E$1:$H$1,MATCH(1,E21:H21,0)),"No offer") -> Micro
A22: 5021 | B22: 577 | C22: 8500000 | D22: 77 | E22: =IF(AND($D22<=90,$C22>=INDEX(products!$D$2:$D$5,MATCH(E$1,products!$B$2:$B$5,0)),OR($B22>=INDEX(products!$C$2:$C$5,MATCH(E$1,products!$B$2:$B$5,0)),AND($B22="",INDEX(products!$I$2:$I$5,MATCH(E$1,products!$B$2:$B$5,0))=1))),1,0) -> 0 | F22: =IF(AND($D22<=90,$C22>=INDEX(products!$D$2:$D$5,MATCH(F$1,products!$B$2:$B$5,0)),OR($B22>=INDEX(products!$C$2:$C$5,MATCH(F$1,products!$B$2:$B$5,0)),AND($B22="",INDEX(products!$I$2:$I$5,MATCH(F$1,products!$B$2:$B$5,0))=1))),1,0) -> 0 | G22: =IF(AND($D22<=90,$C22>=INDEX(products!$D$2:$D$5,MATCH(G$1,products!$B$2:$B$5,0)),OR($B22>=INDEX(products!$C$2:$C$5,MATCH(G$1,products!$B$2:$B$5,0)),AND($B22="",INDEX(products!$I$2:$I$5,MATCH(G$1,products!$B$2:$B$5,0))=1))),1,0) -> 1 | H22: =IF(AND($D22<=90,$C22>=INDEX(products!$D$2:$D$5,MATCH(H$1,products!$B$2:$B$5,0)),OR($B22>=INDEX(products!$C$2:$C$5,MATCH(H$1,products!$B$2:$B$5,0)),AND($B22="",INDEX(products!$I$2:$I$5,MATCH(H$1,products!$B$2:$B$5,0))=1))),1,0) -> 1 | I22: =IFERROR(INDEX($E$1:$H$1,MATCH(1,E22:H22,0)),"No offer") -> Starter
A23: 5022 | B23: 564 | C23: 9500000 | D23: 9 | E23: =IF(AND($D23<=90,$C23>=INDEX(products!$D$2:$D$5,MATCH(E$1,products!$B$2:$B$5,0)),OR($B23>=INDEX(products!$C$2:$C$5,MATCH(E$1,products!$B$2:$B$5,0)),AND($B23="",INDEX(products!$I$2:$I$5,MATCH(E$1,products!$B$2:$B$5,0))=1))),1,0) -> 0 | F23: =IF(AND($D23<=90,$C23>=INDEX(products!$D$2:$D$5,MATCH(F$1,products!$B$2:$B$5,0)),OR($B23>=INDEX(products!$C$2:$C$5,MATCH(F$1,products!$B$2:$B$5,0)),AND($B23="",INDEX(products!$I$2:$I$5,MATCH(F$1,products!$B$2:$B$5,0))=1))),1,0) -> 0 | G23: =IF(AND($D23<=90,$C23>=INDEX(products!$D$2:$D$5,MATCH(G$1,products!$B$2:$B$5,0)),OR($B23>=INDEX(products!$C$2:$C$5,MATCH(G$1,products!$B$2:$B$5,0)),AND($B23="",INDEX(products!$I$2:$I$5,MATCH(G$1,products!$B$2:$B$5,0))=1))),1,0) -> 1 | H23: =IF(AND($D23<=90,$C23>=INDEX(products!$D$2:$D$5,MATCH(H$1,products!$B$2:$B$5,0)),OR($B23>=INDEX(products!$C$2:$C$5,MATCH(H$1,products!$B$2:$B$5,0)),AND($B23="",INDEX(products!$I$2:$I$5,MATCH(H$1,products!$B$2:$B$5,0))=1))),1,0) -> 1 | I23: =IFERROR(INDEX($E$1:$H$1,MATCH(1,E23:H23,0)),"No offer") -> Starter
A24: 5023 | C24: 6000000 | D24: 0 | E24: =IF(AND($D24<=90,$C24>=INDEX(products!$D$2:$D$5,MATCH(E$1,products!$B$2:$B$5,0)),OR($B24>=INDEX(products!$C$2:$C$5,MATCH(E$1,products!$B$2:$B$5,0)),AND($B24="",INDEX(products!$I$2:$I$5,MATCH(E$1,products!$B$2:$B$5,0))=1))),1,0) -> 0 | F24: =IF(AND($D24<=90,$C24>=INDEX(products!$D$2:$D$5,MATCH(F$1,products!$B$2:$B$5,0)),OR($B24>=INDEX(products!$C$2:$C$5,MATCH(F$1,products!$B$2:$B$5,0)),AND($B24="",INDEX(products!$I$2:$I$5,MATCH(F$1,products!$B$2:$B$5,0))=1))),1,0) -> 0 | G24: =IF(AND($D24<=90,$C24>=INDEX(products!$D$2:$D$5,MATCH(G$1,products!$B$2:$B$5,0)),OR($B24>=INDEX(products!$C$2:$C$5,MATCH(G$1,products!$B$2:$B$5,0)),AND($B24="",INDEX(products!$I$2:$I$5,MATCH(G$1,products!$B$2:$B$5,0))=1))),1,0) -> 0 | H24: =IF(AND($D24<=90,$C24>=INDEX(products!$D$2:$D$5,MATCH(H$1,products!$B$2:$B$5,0)),OR($B24>=INDEX(products!$C$2:$C$5,MATCH(H$1,products!$B$2:$B$5,0)),AND($B24="",INDEX(products!$I$2:$I$5,MATCH(H$1,products!$B$2:$B$5,0))=1))),1,0) -> 1 | I24: =IFERROR(INDEX($E$1:$H$1,MATCH(1,E24:H24,0)),"No offer") -> Micro
A25: 5024 | B25: 760 | C25: 45000000 | D25: 3 | E25: =IF(AND($D25<=90,$C25>=INDEX(products!$D$2:$D$5,MATCH(E$1,products!$B$2:$B$5,0)),OR($B25>=INDEX(products!$C$2:$C$5,MATCH(E$1,products!$B$2:$B$5,0)),AND($B25="",INDEX(products!$I$2:$I$5,MATCH(E$1,products!$B$2:$B$5,0))=1))),1,0) -> 1 | F25: =IF(AND($D25<=90,$C25>=INDEX(products!$D$2:$D$5,MATCH(F$1,products!$B$2:$B$5,0)),OR($B25>=INDEX(products!$C$2:$C$5,MATCH(F$1,products!$B$2:$B$5,0)),AND($B25="",INDEX(products!$I$2:$I$5,MATCH(F$1,products!$B$2:$B$5,0))=1))),1,0) -> 1 | G25: =IF(AND($D25<=90,$C25>=INDEX(products!$D$2:$D$5,MATCH(G$1,products!$B$2:$B$5,0)),OR($B25>=INDEX(products!$C$2:$C$5,MATCH(G$1,products!$B$2:$B$5,0)),AND($B25="",INDEX(products!$I$2:$I$5,MATCH(G$1,products!$B$2:$B$5,0))=1))),1,0) -> 1 | H25: =IF(AND($D25<=90,$C25>=INDEX(products!$D$2:$D$5,MATCH(H$1,products!$B$2:$B$5,0)),OR($B25>=INDEX(products!$C$2:$C$5,MATCH(H$1,products!$B$2:$B$5,0)),AND($B25="",INDEX(products!$I$2:$I$5,MATCH(H$1,products!$B$2:$B$5,0))=1))),1,0) -> 1 | I25: =IFERROR(INDEX($E$1:$H$1,MATCH(1,E25:H25,0)),"No offer") -> Prime
A26: 5025 | B26: 563 | C26: 13000000 | D26: 68 | E26: =IF(AND($D26<=90,$C26>=INDEX(products!$D$2:$D$5,MATCH(E$1,products!$B$2:$B$5,0)),OR($B26>=INDEX(products!$C$2:$C$5,MATCH(E$1,products!$B$2:$B$5,0)),AND($B26="",INDEX(products!$I$2:$I$5,MATCH(E$1,products!$B$2:$B$5,0))=1))),1,0) -> 0 | F26: =IF(AND($D26<=90,$C26>=INDEX(products!$D$2:$D$5,MATCH(F$1,products!$B$2:$B$5,0)),OR($B26>=INDEX(products!$C$2:$C$5,MATCH(F$1,products!$B$2:$B$5,0)),AND($B26="",INDEX(products!$I$2:$I$5,MATCH(F$1,products!$B$2:$B$5,0))=1))),1,0) -> 0 | G26: =IF(AND($D26<=90,$C26>=INDEX(products!$D$2:$D$5,MATCH(G$1,products!$B$2:$B$5,0)),OR($B26>=INDEX(products!$C$2:$C$5,MATCH(G$1,products!$B$2:$B$5,0)),AND($B26="",INDEX(products!$I$2:$I$5,MATCH(G$1,products!$B$2:$B$5,0))=1))),1,0) -> 1 | H26: =IF(AND($D26<=90,$C26>=INDEX(products!$D$2:$D$5,MATCH(H$1,products!$B$2:$B$5,0)),OR($B26>=INDEX(products!$C$2:$C$5,MATCH(H$1,products!$B$2:$B$5,0)),AND($B26="",INDEX(products!$I$2:$I$5,MATCH(H$1,products!$B$2:$B$5,0))=1))),1,0) -> 1 | I26: =IFERROR(INDEX($E$1:$H$1,MATCH(1,E26:H26,0)),"No offer") -> Starter
A27: 5026 | B27: 642 | C27: 4500000 | D27: 6 | E27: =IF(AND($D27<=90,$C27>=INDEX(products!$D$2:$D$5,MATCH(E$1,products!$B$2:$B$5,0)),OR($B27>=INDEX(products!$C$2:$C$5,MATCH(E$1,products!$B$2:$B$5,0)),AND($B27="",INDEX(products!$I$2:$I$5,MATCH(E$1,products!$B$2:$B$5,0))=1))),1,0) -> 0 | F27: =IF(AND($D27<=90,$C27>=INDEX(products!$D$2:$D$5,MATCH(F$1,products!$B$2:$B$5,0)),OR($B27>=INDEX(products!$C$2:$C$5,MATCH(F$1,products!$B$2:$B$5,0)),AND($B27="",INDEX(products!$I$2:$I$5,MATCH(F$1,products!$B$2:$B$5,0))=1))),1,0) -> 0 | G27: =IF(AND($D27<=90,$C27>=INDEX(products!$D$2:$D$5,MATCH(G$1,products!$B$2:$B$5,0)),OR($B27>=INDEX(products!$C$2:$C$5,MATCH(G$1,products!$B$2:$B$5,0)),AND($B27="",INDEX(products!$I$2:$I$5,MATCH(G$1,products!$B$2:$B$5,0))=1))),1,0) -> 0 | H27: =IF(AND($D27<=90,$C27>=INDEX(products!$D$2:$D$5,MATCH(H$1,products!$B$2:$B$5,0)),OR($B27>=INDEX(products!$C$2:$C$5,MATCH(H$1,products!$B$2:$B$5,0)),AND($B27="",INDEX(products!$I$2:$I$5,MATCH(H$1,products!$B$2:$B$5,0))=1))),1,0) -> 0 | I27: =IFERROR(INDEX($E$1:$H$1,MATCH(1,E27:H27,0)),"No offer") -> No offer
A28: 5027 | C28: 10000000 | D28: 0 | E28: =IF(AND($D28<=90,$C28>=INDEX(products!$D$2:$D$5,MATCH(E$1,products!$B$2:$B$5,0)),OR($B28>=INDEX(products!$C$2:$C$5,MATCH(E$1,products!$B$2:$B$5,0)),AND($B28="",INDEX(products!$I$2:$I$5,MATCH(E$1,products!$B$2:$B$5,0))=1))),1,0) -> 0 | F28: =IF(AND($D28<=90,$C28>=INDEX(products!$D$2:$D$5,MATCH(F$1,products!$B$2:$B$5,0)),OR($B28>=INDEX(products!$C$2:$C$5,MATCH(F$1,products!$B$2:$B$5,0)),AND($B28="",INDEX(products!$I$2:$I$5,MATCH(F$1,products!$B$2:$B$5,0))=1))),1,0) -> 0 | G28: =IF(AND($D28<=90,$C28>=INDEX(products!$D$2:$D$5,MATCH(G$1,products!$B$2:$B$5,0)),OR($B28>=INDEX(products!$C$2:$C$5,MATCH(G$1,products!$B$2:$B$5,0)),AND($B28="",INDEX(products!$I$2:$I$5,MATCH(G$1,products!$B$2:$B$5,0))=1))),1,0) -> 0 | H28: =IF(AND($D28<=90,$C28>=INDEX(products!$D$2:$D$5,MATCH(H$1,products!$B$2:$B$5,0)),OR($B28>=INDEX(products!$C$2:$C$5,MATCH(H$1,products!$B$2:$B$5,0)),AND($B28="",INDEX(products!$I$2:$I$5,MATCH(H$1,products!$B$2:$B$5,0))=1))),1,0) -> 1 | I28: =IFERROR(INDEX($E$1:$H$1,MATCH(1,E28:H28,0)),"No offer") -> Micro
A29: 5028 | B29: 687 | C29: 23000000 | D29: 4 | E29: =IF(AND($D29<=90,$C29>=INDEX(products!$D$2:$D$5,MATCH(E$1,products!$B$2:$B$5,0)),OR($B29>=INDEX(products!$C$2:$C$5,MATCH(E$1,products!$B$2:$B$5,0)),AND($B29="",INDEX(products!$I$2:$I$5,MATCH(E$1,products!$B$2:$B$5,0))=1))),1,0) -> 0 | F29: =IF(AND($D29<=90,$C29>=INDEX(products!$D$2:$D$5,MATCH(F$1,products!$B$2:$B$5,0)),OR($B29>=INDEX(products!$C$2:$C$5,MATCH(F$1,products!$B$2:$B$5,0)),AND($B29="",INDEX(products!$I$2:$I$5,MATCH(F$1,products!$B$2:$B$5,0))=1))),1,0) -> 1 | G29: =IF(AND($D29<=90,$C29>=INDEX(products!$D$2:$D$5,MATCH(G$1,products!$B$2:$B$5,0)),OR($B29>=INDEX(products!$C$2:$C$5,MATCH(G$1,products!$B$2:$B$5,0)),AND($B29="",INDEX(products!$I$2:$I$5,MATCH(G$1,products!$B$2:$B$5,0))=1))),1,0) -> 1 | H29: =IF(AND($D29<=90,$C29>=INDEX(products!$D$2:$D$5,MATCH(H$1,products!$B$2:$B$5,0)),OR($B29>=INDEX(products!$C$2:$C$5,MATCH(H$1,products!$B$2:$B$5,0)),AND($B29="",INDEX(products!$I$2:$I$5,MATCH(H$1,products!$B$2:$B$5,0))=1))),1,0) -> 1 | I29: =IFERROR(INDEX($E$1:$H$1,MATCH(1,E29:H29,0)),"No offer") -> Standard
A30: 5029 | C30: 7500000 | D30: 0 | E30: =IF(AND($D30<=90,$C30>=INDEX(products!$D$2:$D$5,MATCH(E$1,products!$B$2:$B$5,0)),OR($B30>=INDEX(products!$C$2:$C$5,MATCH(E$1,products!$B$2:$B$5,0)),AND($B30="",INDEX(products!$I$2:$I$5,MATCH(E$1,products!$B$2:$B$5,0))=1))),1,0) -> 0 | F30: =IF(AND($D30<=90,$C30>=INDEX(products!$D$2:$D$5,MATCH(F$1,products!$B$2:$B$5,0)),OR($B30>=INDEX(products!$C$2:$C$5,MATCH(F$1,products!$B$2:$B$5,0)),AND($B30="",INDEX(products!$I$2:$I$5,MATCH(F$1,products!$B$2:$B$5,0))=1))),1,0) -> 0 | G30: =IF(AND($D30<=90,$C30>=INDEX(products!$D$2:$D$5,MATCH(G$1,products!$B$2:$B$5,0)),OR($B30>=INDEX(products!$C$2:$C$5,MATCH(G$1,products!$B$2:$B$5,0)),AND($B30="",INDEX(products!$I$2:$I$5,MATCH(G$1,products!$B$2:$B$5,0))=1))),1,0) -> 0 | H30: =IF(AND($D30<=90,$C30>=INDEX(products!$D$2:$D$5,MATCH(H$1,products!$B$2:$B$5,0)),OR($B30>=INDEX(products!$C$2:$C$5,MATCH(H$1,products!$B$2:$B$5,0)),AND($B30="",INDEX(products!$I$2:$I$5,MATCH(H$1,products!$B$2:$B$5,0))=1))),1,0) -> 1 | I30: =IFERROR(INDEX($E$1:$H$1,MATCH(1,E30:H30,0)),"No offer") -> Micro
A31: 5030 | B31: 628 | C31: 15500000 | D31: 72 | E31: =IF(AND($D31<=90,$C31>=INDEX(products!$D$2:$D$5,MATCH(E$1,products!$B$2:$B$5,0)),OR($B31>=INDEX(products!$C$2:$C$5,MATCH(E$1,products!$B$2:$B$5,0)),AND($B31="",INDEX(products!$I$2:$I$5,MATCH(E$1,products!$B$2:$B$5,0))=1))),1,0) -> 0 | F31: =IF(AND($D31<=90,$C31>=INDEX(products!$D$2:$D$5,MATCH(F$1,products!$B$2:$B$5,0)),OR($B31>=INDEX(products!$C$2:$C$5,MATCH(F$1,products!$B$2:$B$5,0)),AND($B31="",INDEX(products!$I$2:$I$5,MATCH(F$1,products!$B$2:$B$5,0))=1))),1,0) -> 1 | G31: =IF(AND($D31<=90,$C31>=INDEX(products!$D$2:$D$5,MATCH(G$1,products!$B$2:$B$5,0)),OR($B31>=INDEX(products!$C$2:$C$5,MATCH(G$1,products!$B$2:$B$5,0)),AND($B31="",INDEX(products!$I$2:$I$5,MATCH(G$1,products!$B$2:$B$5,0))=1))),1,0) -> 1 | H31: =IF(AND($D31<=90,$C31>=INDEX(products!$D$2:$D$5,MATCH(H$1,products!$B$2:$B$5,0)),OR($B31>=INDEX(products!$C$2:$C$5,MATCH(H$1,products!$B$2:$B$5,0)),AND($B31="",INDEX(products!$I$2:$I$5,MATCH(H$1,products!$B$2:$B$5,0))=1))),1,0) -> 1 | I31: =IFERROR(INDEX($E$1:$H$1,MATCH(1,E31:H31,0)),"No offer") -> Standard
A32: 5031 | B32: 723 | C32: 8500000 | D32: 8 | E32: =IF(AND($D32<=90,$C32>=INDEX(products!$D$2:$D$5,MATCH(E$1,products!$B$2:$B$5,0)),OR($B32>=INDEX(products!$C$2:$C$5,MATCH(E$1,products!$B$2:$B$5,0)),AND($B32="",INDEX(products!$I$2:$I$5,MATCH(E$1,products!$B$2:$B$5,0))=1))),1,0) -> 0 | F32: =IF(AND($D32<=90,$C32>=INDEX(products!$D$2:$D$5,MATCH(F$1,products!$B$2:$B$5,0)),OR($B32>=INDEX(products!$C$2:$C$5,MATCH(F$1,products!$B$2:$B$5,0)),AND($B32="",INDEX(products!$I$2:$I$5,MATCH(F$1,products!$B$2:$B$5,0))=1))),1,0) -> 0 | G32: =IF(AND($D32<=90,$C32>=INDEX(products!$D$2:$D$5,MATCH(G$1,products!$B$2:$B$5,0)),OR($B32>=INDEX(products!$C$2:$C$5,MATCH(G$1,products!$B$2:$B$5,0)),AND($B32="",INDEX(products!$I$2:$I$5,MATCH(G$1,products!$B$2:$B$5,0))=1))),1,0) -> 1 | H32: =IF(AND($D32<=90,$C32>=INDEX(products!$D$2:$D$5,MATCH(H$1,products!$B$2:$B$5,0)),OR($B32>=INDEX(products!$C$2:$C$5,MATCH(H$1,products!$B$2:$B$5,0)),AND($B32="",INDEX(products!$I$2:$I$5,MATCH(H$1,products!$B$2:$B$5,0))=1))),1,0) -> 1 | I32: =IFERROR(INDEX($E$1:$H$1,MATCH(1,E32:H32,0)),"No offer") -> Starter
A33: 5032 | B33: 842 | C33: 4500000 | D33: 8 | E33: =IF(AND($D33<=90,$C33>=INDEX(products!$D$2:$D$5,MATCH(E$1,products!$B$2:$B$5,0)),OR($B33>=INDEX(products!$C$2:$C$5,MATCH(E$1,products!$B$2:$B$5,0)),AND($B33="",INDEX(products!$I$2:$I$5,MATCH(E$1,products!$B$2:$B$5,0))=1))),1,0) -> 0 | F33: =IF(AND($D33<=90,$C33>=INDEX(products!$D$2:$D$5,MATCH(F$1,products!$B$2:$B$5,0)),OR($B33>=INDEX(products!$C$2:$C$5,MATCH(F$1,products!$B$2:$B$5,0)),AND($B33="",INDEX(products!$I$2:$I$5,MATCH(F$1,products!$B$2:$B$5,0))=1))),1,0) -> 0 | G33: =IF(AND($D33<=90,$C33>=INDEX(products!$D$2:$D$5,MATCH(G$1,products!$B$2:$B$5,0)),OR($B33>=INDEX(products!$C$2:$C$5,MATCH(G$1,products!$B$2:$B$5,0)),AND($B33="",INDEX(products!$I$2:$I$5,MATCH(G$1,products!$B$2:$B$5,0))=1))),1,0) -> 0 | H33: =IF(AND($D33<=90,$C33>=INDEX(products!$D$2:$D$5,MATCH(H$1,products!$B$2:$B$5,0)),OR($B33>=INDEX(products!$C$2:$C$5,MATCH(H$1,products!$B$2:$B$5,0)),AND($B33="",INDEX(products!$I$2:$I$5,MATCH(H$1,products!$B$2:$B$5,0))=1))),1,0) -> 0 | I33: =IFERROR(INDEX($E$1:$H$1,MATCH(1,E33:H33,0)),"No offer") -> No offer
A34: 5033 | B34: 413 | C34: 18500000 | D34: 339 | E34: =IF(AND($D34<=90,$C34>=INDEX(products!$D$2:$D$5,MATCH(E$1,products!$B$2:$B$5,0)),OR($B34>=INDEX(products!$C$2:$C$5,MATCH(E$1,products!$B$2:$B$5,0)),AND($B34="",INDEX(products!$I$2:$I$5,MATCH(E$1,products!$B$2:$B$5,0))=1))),1,0) -> 0 | F34: =IF(AND($D34<=90,$C34>=INDEX(products!$D$2:$D$5,MATCH(F$1,products!$B$2:$B$5,0)),OR($B34>=INDEX(products!$C$2:$C$5,MATCH(F$1,products!$B$2:$B$5,0)),AND($B34="",INDEX(products!$I$2:$I$5,MATCH(F$1,products!$B$2:$B$5,0))=1))),1,0) -> 0 | G34: =IF(AND($D34<=90,$C34>=INDEX(products!$D$2:$D$5,MATCH(G$1,products!$B$2:$B$5,0)),OR($B34>=INDEX(products!$C$2:$C$5,MATCH(G$1,products!$B$2:$B$5,0)),AND($B34="",INDEX(products!$I$2:$I$5,MATCH(G$1,products!$B$2:$B$5,0))=1))),1,0) -> 0 | H34: =IF(AND($D34<=90,$C34>=INDEX(products!$D$2:$D$5,MATCH(H$1,products!$B$2:$B$5,0)),OR($B34>=INDEX(products!$C$2:$C$5,MATCH(H$1,products!$B$2:$B$5,0)),AND($B34="",INDEX(products!$I$2:$I$5,MATCH(H$1,products!$B$2:$B$5,0))=1))),1,0) -> 0 | I34: =IFERROR(INDEX($E$1:$H$1,MATCH(1,E34:H34,0)),"No offer") -> No offer
A35: 5034 | B35: 840 | C35: 14500000 | D35: 7 | E35: =IF(AND($D35<=90,$C35>=INDEX(products!$D$2:$D$5,MATCH(E$1,products!$B$2:$B$5,0)),OR($B35>=INDEX(products!$C$2:$C$5,MATCH(E$1,products!$B$2:$B$5,0)),AND($B35="",INDEX(products!$I$2:$I$5,MATCH(E$1,products!$B$2:$B$5,0))=1))),1,0) -> 0 | F35: =IF(AND($D35<=90,$C35>=INDEX(products!$D$2:$D$5,MATCH(F$1,products!$B$2:$B$5,0)),OR($B35>=INDEX(products!$C$2:$C$5,MATCH(F$1,products!$B$2:$B$5,0)),AND($B35="",INDEX(products!$I$2:$I$5,MATCH(F$1,products!$B$2:$B$5,0))=1))),1,0) -> 1 | G35: =IF(AND($D35<=90,$C35>=INDEX(products!$D$2:$D$5,MATCH(G$1,products!$B$2:$B$5,0)),OR($B35>=INDEX(products!$C$2:$C$5,MATCH(G$1,products!$B$2:$B$5,0)),AND($B35="",INDEX(products!$I$2:$I$5,MATCH(G$1,products!$B$2:$B$5,0))=1))),1,0) -> 1 | H35: =IF(AND($D35<=90,$C35>=INDEX(products!$D$2:$D$5,MATCH(H$1,products!$B$2:$B$5,0)),OR($B35>=INDEX(products!$C$2:$C$5,MATCH(H$1,products!$B$2:$B$5,0)),AND($B35="",INDEX(products!$I$2:$I$5,MATCH(H$1,products!$B$2:$B$5,0))=1))),1,0) -> 1 | I35: =IFERROR(INDEX($E$1:$H$1,MATCH(1,E35:H35,0)),"No offer") -> Standard
A36: 5035 | C36: 9000000 | D36: 0 | E36: =IF(AND($D36<=90,$C36>=INDEX(products!$D$2:$D$5,MATCH(E$1,products!$B$2:$B$5,0)),OR($B36>=INDEX(products!$C$2:$C$5,MATCH(E$1,products!$B$2:$B$5,0)),AND($B36="",INDEX(products!$I$2:$I$5,MATCH(E$1,products!$B$2:$B$5,0))=1))),1,0) -> 0 | F36: =IF(AND($D36<=90,$C36>=INDEX(products!$D$2:$D$5,MATCH(F$1,products!$B$2:$B$5,0)),OR($B36>=INDEX(products!$C$2:$C$5,MATCH(F$1,products!$B$2:$B$5,0)),AND($B36="",INDEX(products!$I$2:$I$5,MATCH(F$1,products!$B$2:$B$5,0))=1))),1,0) -> 0 | G36: =IF(AND($D36<=90,$C36>=INDEX(products!$D$2:$D$5,MATCH(G$1,products!$B$2:$B$5,0)),OR($B36>=INDEX(products!$C$2:$C$5,MATCH(G$1,products!$B$2:$B$5,0)),AND($B36="",INDEX(products!$I$2:$I$5,MATCH(G$1,products!$B$2:$B$5,0))=1))),1,0) -> 0 | H36: =IF(AND($D36<=90,$C36>=INDEX(products!$D$2:$D$5,MATCH(H$1,products!$B$2:$B$5,0)),OR($B36>=INDEX(products!$C$2:$C$5,MATCH(H$1,products!$B$2:$B$5,0)),AND($B36="",INDEX(products!$I$2:$I$5,MATCH(H$1,products!$B$2:$B$5,0))=1))),1,0) -> 1 | I36: =IFERROR(INDEX($E$1:$H$1,MATCH(1,E36:H36,0)),"No offer") -> Micro
A37: 5036 | B37: 562 | C37: 11000000 | D37: 37 | E37: =IF(AND($D37<=90,$C37>=INDEX(products!$D$2:$D$5,MATCH(E$1,products!$B$2:$B$5,0)),OR($B37>=INDEX(products!$C$2:$C$5,MATCH(E$1,products!$B$2:$B$5,0)),AND($B37="",INDEX(products!$I$2:$I$5,MATCH(E$1,products!$B$2:$B$5,0))=1))),1,0) -> 0 | F37: =IF(AND($D37<=90,$C37>=INDEX(products!$D$2:$D$5,MATCH(F$1,products!$B$2:$B$5,0)),OR($B37>=INDEX(products!$C$2:$C$5,MATCH(F$1,products!$B$2:$B$5,0)),AND($B37="",INDEX(products!$I$2:$I$5,MATCH(F$1,products!$B$2:$B$5,0))=1))),1,0) -> 0 | G37: =IF(AND($D37<=90,$C37>=INDEX(products!$D$2:$D$5,MATCH(G$1,products!$B$2:$B$5,0)),OR($B37>=INDEX(products!$C$2:$C$5,MATCH(G$1,products!$B$2:$B$5,0)),AND($B37="",INDEX(products!$I$2:$I$5,MATCH(G$1,products!$B$2:$B$5,0))=1))),1,0) -> 1 | H37: =IF(AND($D37<=90,$C37>=INDEX(products!$D$2:$D$5,MATCH(H$1,products!$B$2:$B$5,0)),OR($B37>=INDEX(products!$C$2:$C$5,MATCH(H$1,products!$B$2:$B$5,0)),AND($B37="",INDEX(products!$I$2:$I$5,MATCH(H$1,products!$B$2:$B$5,0))=1))),1,0) -> 1 | I37: =IFERROR(INDEX($E$1:$H$1,MATCH(1,E37:H37,0)),"No offer") -> Starter
A38: 5037 | B38: 600 | C38: 10000000 | D38: 7 | E38: =IF(AND($D38<=90,$C38>=INDEX(products!$D$2:$D$5,MATCH(E$1,products!$B$2:$B$5,0)),OR($B38>=INDEX(products!$C$2:$C$5,MATCH(E$1,products!$B$2:$B$5,0)),AND($B38="",INDEX(products!$I$2:$I$5,MATCH(E$1,products!$B$2:$B$5,0))=1))),1,0) -> 0 | F38: =IF(AND($D38<=90,$C38>=INDEX(products!$D$2:$D$5,MATCH(F$1,products!$B$2:$B$5,0)),OR($B38>=INDEX(products!$C$2:$C$5,MATCH(F$1,products!$B$2:$B$5,0)),AND($B38="",INDEX(products!$I$2:$I$5,MATCH(F$1,products!$B$2:$B$5,0))=1))),1,0) -> 1 | G38: =IF(AND($D38<=90,$C38>=INDEX(products!$D$2:$D$5,MATCH(G$1,products!$B$2:$B$5,0)),OR($B38>=INDEX(products!$C$2:$C$5,MATCH(G$1,products!$B$2:$B$5,0)),AND($B38="",INDEX(products!$I$2:$I$5,MATCH(G$1,products!$B$2:$B$5,0))=1))),1,0) -> 1 | H38: =IF(AND($D38<=90,$C38>=INDEX(products!$D$2:$D$5,MATCH(H$1,products!$B$2:$B$5,0)),OR($B38>=INDEX(products!$C$2:$C$5,MATCH(H$1,products!$B$2:$B$5,0)),AND($B38="",INDEX(products!$I$2:$I$5,MATCH(H$1,products!$B$2:$B$5,0))=1))),1,0) -> 1 | I38: =IFERROR(INDEX($E$1:$H$1,MATCH(1,E38:H38,0)),"No offer") -> Standard
A39: 5038 | B39: 818 | C39: 6500000 | D39: 2 | E39: =IF(AND($D39<=90,$C39>=INDEX(products!$D$2:$D$5,MATCH(E$1,products!$B$2:$B$5,0)),OR($B39>=INDEX(products!$C$2:$C$5,MATCH(E$1,products!$B$2:$B$5,0)),AND($B39="",INDEX(products!$I$2:$I$5,MATCH(E$1,products!$B$2:$B$5,0))=1))),1,0) -> 0 | F39: =IF(AND($D39<=90,$C39>=INDEX(products!$D$2:$D$5,MATCH(F$1,products!$B$2:$B$5,0)),OR($B39>=INDEX(products!$C$2:$C$5,MATCH(F$1,products!$B$2:$B$5,0)),AND($B39="",INDEX(products!$I$2:$I$5,MATCH(F$1,products!$B$2:$B$5,0))=1))),1,0) -> 0 | G39: =IF(AND($D39<=90,$C39>=INDEX(products!$D$2:$D$5,MATCH(G$1,products!$B$2:$B$5,0)),OR($B39>=INDEX(products!$C$2:$C$5,MATCH(G$1,products!$B$2:$B$5,0)),AND($B39="",INDEX(products!$I$2:$I$5,MATCH(G$1,products!$B$2:$B$5,0))=1))),1,0) -> 0 | H39: =IF(AND($D39<=90,$C39>=INDEX(products!$D$2:$D$5,MATCH(H$1,products!$B$2:$B$5,0)),OR($B39>=INDEX(products!$C$2:$C$5,MATCH(H$1,products!$B$2:$B$5,0)),AND($B39="",INDEX(products!$I$2:$I$5,MATCH(H$1,products!$B$2:$B$5,0))=1))),1,0) -> 1 | I39: =IFERROR(INDEX($E$1:$H$1,MATCH(1,E39:H39,0)),"No offer") -> Micro
A40: 5039 | B40: 612 | C40: 9500000 | D40: 17 | E40: =IF(AND($D40<=90,$C40>=INDEX(products!$D$2:$D$5,MATCH(E$1,products!$B$2:$B$5,0)),OR($B40>=INDEX(products!$C$2:$C$5,MATCH(E$1,products!$B$2:$B$5,0)),AND($B40="",INDEX(products!$I$2:$I$5,MATCH(E$1,products!$B$2:$B$5,0))=1))),1,0) -> 0 | F40: =IF(AND($D40<=90,$C40>=INDEX(products!$D$2:$D$5,MATCH(F$1,products!$B$2:$B$5,0)),OR($B40>=INDEX(products!$C$2:$C$5,MATCH(F$1,products!$B$2:$B$5,0)),AND($B40="",INDEX(products!$I$2:$I$5,MATCH(F$1,products!$B$2:$B$5,0))=1))),1,0) -> 0 | G40: =IF(AND($D40<=90,$C40>=INDEX(products!$D$2:$D$5,MATCH(G$1,products!$B$2:$B$5,0)),OR($B40>=INDEX(products!$C$2:$C$5,MATCH(G$1,products!$B$2:$B$5,0)),AND($B40="",INDEX(products!$I$2:$I$5,MATCH(G$1,products!$B$2:$B$5,0))=1))),1,0) -> 1 | H40: =IF(AND($D40<=90,$C40>=INDEX(products!$D$2:$D$5,MATCH(H$1,products!$B$2:$B$5,0)),OR($B40>=INDEX(products!$C$2:$C$5,MATCH(H$1,products!$B$2:$B$5,0)),AND($B40="",INDEX(products!$I$2:$I$5,MATCH(H$1,products!$B$2:$B$5,0))=1))),1,0) -> 1 | I40: =IFERROR(INDEX($E$1:$H$1,MATCH(1,E40:H40,0)),"No offer") -> Starter
A41: 5040 | C41: 7000000 | D41: 0 | E41: =IF(AND($D41<=90,$C41>=INDEX(products!$D$2:$D$5,MATCH(E$1,products!$B$2:$B$5,0)),OR($B41>=INDEX(products!$C$2:$C$5,MATCH(E$1,products!$B$2:$B$5,0)),AND($B41="",INDEX(products!$I$2:$I$5,MATCH(E$1,products!$B$2:$B$5,0))=1))),1,0) -> 0 | F41: =IF(AND($D41<=90,$C41>=INDEX(products!$D$2:$D$5,MATCH(F$1,products!$B$2:$B$5,0)),OR($B41>=INDEX(products!$C$2:$C$5,MATCH(F$1,products!$B$2:$B$5,0)),AND($B41="",INDEX(products!$I$2:$I$5,MATCH(F$1,products!$B$2:$B$5,0))=1))),1,0) -> 0 | G41: =IF(AND($D41<=90,$C41>=INDEX(products!$D$2:$D$5,MATCH(G$1,products!$B$2:$B$5,0)),OR($B41>=INDEX(products!$C$2:$C$5,MATCH(G$1,products!$B$2:$B$5,0)),AND($B41="",INDEX(products!$I$2:$I$5,MATCH(G$1,products!$B$2:$B$5,0))=1))),1,0) -> 0 | H41: =IF(AND($D41<=90,$C41>=INDEX(products!$D$2:$D$5,MATCH(H$1,products!$B$2:$B$5,0)),OR($B41>=INDEX(products!$C$2:$C$5,MATCH(H$1,products!$B$2:$B$5,0)),AND($B41="",INDEX(products!$I$2:$I$5,MATCH(H$1,products!$B$2:$B$5,0))=1))),1,0) -> 1 | I41: =IFERROR(INDEX($E$1:$H$1,MATCH(1,E41:H41,0)),"No offer") -> Micro
A42: 5041 | B42: 778 | C42: 12000000 | D42: 9 | E42: =IF(AND($D42<=90,$C42>=INDEX(products!$D$2:$D$5,MATCH(E$1,products!$B$2:$B$5,0)),OR($B42>=INDEX(products!$C$2:$C$5,MATCH(E$1,products!$B$2:$B$5,0)),AND($B42="",INDEX(products!$I$2:$I$5,MATCH(E$1,products!$B$2:$B$5,0))=1))),1,0) -> 0 | F42: =IF(AND($D42<=90,$C42>=INDEX(products!$D$2:$D$5,MATCH(F$1,products!$B$2:$B$5,0)),OR($B42>=INDEX(products!$C$2:$C$5,MATCH(F$1,products!$B$2:$B$5,0)),AND($B42="",INDEX(products!$I$2:$I$5,MATCH(F$1,products!$B$2:$B$5,0))=1))),1,0) -> 1 | G42: =IF(AND($D42<=90,$C42>=INDEX(products!$D$2:$D$5,MATCH(G$1,products!$B$2:$B$5,0)),OR($B42>=INDEX(products!$C$2:$C$5,MATCH(G$1,products!$B$2:$B$5,0)),AND($B42="",INDEX(products!$I$2:$I$5,MATCH(G$1,products!$B$2:$B$5,0))=1))),1,0) -> 1 | H42: =IF(AND($D42<=90,$C42>=INDEX(products!$D$2:$D$5,MATCH(H$1,products!$B$2:$B$5,0)),OR($B42>=INDEX(products!$C$2:$C$5,MATCH(H$1,products!$B$2:$B$5,0)),AND($B42="",INDEX(products!$I$2:$I$5,MATCH(H$1,products!$B$2:$B$5,0))=1))),1,0) -> 1 | I42: =IFERROR(INDEX($E$1:$H$1,MATCH(1,E42:H42,0)),"No offer") -> Standard
A43: 5042 | B43: 552 | C43: 38000000 | D43: 45 | E43: =IF(AND($D43<=90,$C43>=INDEX(products!$D$2:$D$5,MATCH(E$1,products!$B$2:$B$5,0)),OR($B43>=INDEX(products!$C$2:$C$5,MATCH(E$1,products!$B$2:$B$5,0)),AND($B43="",INDEX(products!$I$2:$I$5,MATCH(E$1,products!$B$2:$B$5,0))=1))),1,0) -> 0 | F43: =IF(AND($D43<=90,$C43>=INDEX(products!$D$2:$D$5,MATCH(F$1,products!$B$2:$B$5,0)),OR($B43>=INDEX(products!$C$2:$C$5,MATCH(F$1,products!$B$2:$B$5,0)),AND($B43="",INDEX(products!$I$2:$I$5,MATCH(F$1,products!$B$2:$B$5,0))=1))),1,0) -> 0 | G43: =IF(AND($D43<=90,$C43>=INDEX(products!$D$2:$D$5,MATCH(G$1,products!$B$2:$B$5,0)),OR($B43>=INDEX(products!$C$2:$C$5,MATCH(G$1,products!$B$2:$B$5,0)),AND($B43="",INDEX(products!$I$2:$I$5,MATCH(G$1,products!$B$2:$B$5,0))=1))),1,0) -> 1 | H43: =IF(AND($D43<=90,$C43>=INDEX(products!$D$2:$D$5,MATCH(H$1,products!$B$2:$B$5,0)),OR($B43>=INDEX(products!$C$2:$C$5,MATCH(H$1,products!$B$2:$B$5,0)),AND($B43="",INDEX(products!$I$2:$I$5,MATCH(H$1,products!$B$2:$B$5,0))=1))),1,0) -> 1 | I43: =IFERROR(INDEX($E$1:$H$1,MATCH(1,E43:H43,0)),"No offer") -> Starter
A44: 5043 | C44: 17000000 | D44: 0 | E44: =IF(AND($D44<=90,$C44>=INDEX(products!$D$2:$D$5,MATCH(E$1,products!$B$2:$B$5,0)),OR($B44>=INDEX(products!$C$2:$C$5,MATCH(E$1,products!$B$2:$B$5,0)),AND($B44="",INDEX(products!$I$2:$I$5,MATCH(E$1,products!$B$2:$B$5,0))=1))),1,0) -> 0 | F44: =IF(AND($D44<=90,$C44>=INDEX(products!$D$2:$D$5,MATCH(F$1,products!$B$2:$B$5,0)),OR($B44>=INDEX(products!$C$2:$C$5,MATCH(F$1,products!$B$2:$B$5,0)),AND($B44="",INDEX(products!$I$2:$I$5,MATCH(F$1,products!$B$2:$B$5,0))=1))),1,0) -> 0 | G44: =IF(AND($D44<=90,$C44>=INDEX(products!$D$2:$D$5,MATCH(G$1,products!$B$2:$B$5,0)),OR($B44>=INDEX(products!$C$2:$C$5,MATCH(G$1,products!$B$2:$B$5,0)),AND($B44="",INDEX(products!$I$2:$I$5,MATCH(G$1,products!$B$2:$B$5,0))=1))),1,0) -> 0 | H44: =IF(AND($D44<=90,$C44>=INDEX(products!$D$2:$D$5,MATCH(H$1,products!$B$2:$B$5,0)),OR($B44>=INDEX(products!$C$2:$C$5,MATCH(H$1,products!$B$2:$B$5,0)),AND($B44="",INDEX(products!$I$2:$I$5,MATCH(H$1,products!$B$2:$B$5,0))=1))),1,0) -> 1 | I44: =IFERROR(INDEX($E$1:$H$1,MATCH(1,E44:H44,0)),"No offer") -> Micro
A45: 5044 | B45: 512 | C45: 23000000 | D45: 11 | E45: =IF(AND($D45<=90,$C45>=INDEX(products!$D$2:$D$5,MATCH(E$1,products!$B$2:$B$5,0)),OR($B45>=INDEX(products!$C$2:$C$5,MATCH(E$1,products!$B$2:$B$5,0)),AND($B45="",INDEX(products!$I$2:$I$5,MATCH(E$1,products!$B$2:$B$5,0))=1))),1,0) -> 0 | F45: =IF(AND($D45<=90,$C45>=INDEX(products!$D$2:$D$5,MATCH(F$1,products!$B$2:$B$5,0)),OR($B45>=INDEX(products!$C$2:$C$5,MATCH(F$1,products!$B$2:$B$5,0)),AND($B45="",INDEX(products!$I$2:$I$5,MATCH(F$1,products!$B$2:$B$5,0))=1))),1,0) -> 0 | G45: =IF(AND($D45<=90,$C45>=INDEX(products!$D$2:$D$5,MATCH(G$1,products!$B$2:$B$5,0)),OR($B45>=INDEX(products!$C$2:$C$5,MATCH(G$1,products!$B$2:$B$5,0)),AND($B45="",INDEX(products!$I$2:$I$5,MATCH(G$1,products!$B$2:$B$5,0))=1))),1,0) -> 1 | H45: =IF(AND($D45<=90,$C45>=INDEX(products!$D$2:$D$5,MATCH(H$1,products!$B$2:$B$5,0)),OR($B45>=INDEX(products!$C$2:$C$5,MATCH(H$1,products!$B$2:$B$5,0)),AND($B45="",INDEX(products!$I$2:$I$5,MATCH(H$1,products!$B$2:$B$5,0))=1))),1,0) -> 1 | I45: =IFERROR(INDEX($E$1:$H$1,MATCH(1,E45:H45,0)),"No offer") -> Starter
A46: 5045 | B46: 671 | C46: 14000000 | D46: 40 | E46: =IF(AND($D46<=90,$C46>=INDEX(products!$D$2:$D$5,MATCH(E$1,products!$B$2:$B$5,0)),OR($B46>=INDEX(products!$C$2:$C$5,MATCH(E$1,products!$B$2:$B$5,0)),AND($B46="",INDEX(products!$I$2:$I$5,MATCH(E$1,products!$B$2:$B$5,0))=1))),1,0) -> 0 | F46: =IF(AND($D46<=90,$C46>=INDEX(products!$D$2:$D$5,MATCH(F$1,products!$B$2:$B$5,0)),OR($B46>=INDEX(products!$C$2:$C$5,MATCH(F$1,products!$B$2:$B$5,0)),AND($B46="",INDEX(products!$I$2:$I$5,MATCH(F$1,products!$B$2:$B$5,0))=1))),1,0) -> 1 | G46: =IF(AND($D46<=90,$C46>=INDEX(products!$D$2:$D$5,MATCH(G$1,products!$B$2:$B$5,0)),OR($B46>=INDEX(products!$C$2:$C$5,MATCH(G$1,products!$B$2:$B$5,0)),AND($B46="",INDEX(products!$I$2:$I$5,MATCH(G$1,products!$B$2:$B$5,0))=1))),1,0) -> 1 | H46: =IF(AND($D46<=90,$C46>=INDEX(products!$D$2:$D$5,MATCH(H$1,products!$B$2:$B$5,0)),OR($B46>=INDEX(products!$C$2:$C$5,MATCH(H$1,products!$B$2:$B$5,0)),AND($B46="",INDEX(products!$I$2:$I$5,MATCH(H$1,products!$B$2:$B$5,0))=1))),1,0) -> 1 | I46: =IFERROR(INDEX($E$1:$H$1,MATCH(1,E46:H46,0)),"No offer") -> Standard
A47: 5046 | B47: 717 | C47: 7000000 | D47: 9 | E47: =IF(AND($D47<=90,$C47>=INDEX(products!$D$2:$D$5,MATCH(E$1,products!$B$2:$B$5,0)),OR($B47>=INDEX(products!$C$2:$C$5,MATCH(E$1,products!$B$2:$B$5,0)),AND($B47="",INDEX(products!$I$2:$I$5,MATCH(E$1,products!$B$2:$B$5,0))=1))),1,0) -> 0 | F47: =IF(AND($D47<=90,$C47>=INDEX(products!$D$2:$D$5,MATCH(F$1,products!$B$2:$B$5,0)),OR($B47>=INDEX(products!$C$2:$C$5,MATCH(F$1,products!$B$2:$B$5,0)),AND($B47="",INDEX(products!$I$2:$I$5,MATCH(F$1,products!$B$2:$B$5,0))=1))),1,0) -> 0 | G47: =IF(AND($D47<=90,$C47>=INDEX(products!$D$2:$D$5,MATCH(G$1,products!$B$2:$B$5,0)),OR($B47>=INDEX(products!$C$2:$C$5,MATCH(G$1,products!$B$2:$B$5,0)),AND($B47="",INDEX(products!$I$2:$I$5,MATCH(G$1,products!$B$2:$B$5,0))=1))),1,0) -> 1 | H47: =IF(AND($D47<=90,$C47>=INDEX(products!$D$2:$D$5,MATCH(H$1,products!$B$2:$B$5,0)),OR($B47>=INDEX(products!$C$2:$C$5,MATCH(H$1,products!$B$2:$B$5,0)),AND($B47="",INDEX(products!$I$2:$I$5,MATCH(H$1,products!$B$2:$B$5,0))=1))),1,0) -> 1 | I47: =IFERROR(INDEX($E$1:$H$1,MATCH(1,E47:H47,0)),"No offer") -> Starter
A48: 5047 | B48: 593 | C48: 13000000 | D48: 4 | E48: =IF(AND($D48<=90,$C48>=INDEX(products!$D$2:$D$5,MATCH(E$1,products!$B$2:$B$5,0)),OR($B48>=INDEX(products!$C$2:$C$5,MATCH(E$1,products!$B$2:$B$5,0)),AND($B48="",INDEX(products!$I$2:$I$5,MATCH(E$1,products!$B$2:$B$5,0))=1))),1,0) -> 0 | F48: =IF(AND($D48<=90,$C48>=INDEX(products!$D$2:$D$5,MATCH(F$1,products!$B$2:$B$5,0)),OR($B48>=INDEX(products!$C$2:$C$5,MATCH(F$1,products!$B$2:$B$5,0)),AND($B48="",INDEX(products!$I$2:$I$5,MATCH(F$1,products!$B$2:$B$5,0))=1))),1,0) -> 0 | G48: =IF(AND($D48<=90,$C48>=INDEX(products!$D$2:$D$5,MATCH(G$1,products!$B$2:$B$5,0)),OR($B48>=INDEX(products!$C$2:$C$5,MATCH(G$1,products!$B$2:$B$5,0)),AND($B48="",INDEX(products!$I$2:$I$5,MATCH(G$1,products!$B$2:$B$5,0))=1))),1,0) -> 1 | H48: =IF(AND($D48<=90,$C48>=INDEX(products!$D$2:$D$5,MATCH(H$1,products!$B$2:$B$5,0)),OR($B48>=INDEX(products!$C$2:$C$5,MATCH(H$1,products!$B$2:$B$5,0)),AND($B48="",INDEX(products!$I$2:$I$5,MATCH(H$1,products!$B$2:$B$5,0))=1))),1,0) -> 1 | I48: =IFERROR(INDEX($E$1:$H$1,MATCH(1,E48:H48,0)),"No offer") -> Starter
A49: 5048 | B49: 592 | C49: 17500000 | D49: 57 | E49: =IF(AND($D49<=90,$C49>=INDEX(products!$D$2:$D$5,MATCH(E$1,products!$B$2:$B$5,0)),OR($B49>=INDEX(products!$C$2:$C$5,MATCH(E$1,products!$B$2:$B$5,0)),AND($B49="",INDEX(products!$I$2:$I$5,MATCH(E$1,products!$B$2:$B$5,0))=1))),1,0) -> 0 | F49: =IF(AND($D49<=90,$C49>=INDEX(products!$D$2:$D$5,MATCH(F$1,products!$B$2:$B$5,0)),OR($B49>=INDEX(products!$C$2:$C$5,MATCH(F$1,products!$B$2:$B$5,0)),AND($B49="",INDEX(products!$I$2:$I$5,MATCH(F$1,products!$B$2:$B$5,0))=1))),1,0) -> 0 | G49: =IF(AND($D49<=90,$C49>=INDEX(products!$D$2:$D$5,MATCH(G$1,products!$B$2:$B$5,0)),OR($B49>=INDEX(products!$C$2:$C$5,MATCH(G$1,products!$B$2:$B$5,0)),AND($B49="",INDEX(products!$I$2:$I$5,MATCH(G$1,products!$B$2:$B$5,0))=1))),1,0) -> 1 | H49: =IF(AND($D49<=90,$C49>=INDEX(products!$D$2:$D$5,MATCH(H$1,products!$B$2:$B$5,0)),OR($B49>=INDEX(products!$C$2:$C$5,MATCH(H$1,products!$B$2:$B$5,0)),AND($B49="",INDEX(products!$I$2:$I$5,MATCH(H$1,products!$B$2:$B$5,0))=1))),1,0) -> 1 | I49: =IFERROR(INDEX($E$1:$H$1,MATCH(1,E49:H49,0)),"No offer") -> Starter
A50: 5049 | B50: 570 | C50: 19500000 | D50: 13 | E50: =IF(AND($D50<=90,$C50>=INDEX(products!$D$2:$D$5,MATCH(E$1,products!$B$2:$B$5,0)),OR($B50>=INDEX(products!$C$2:$C$5,MATCH(E$1,products!$B$2:$B$5,0)),AND($B50="",INDEX(products!$I$2:$I$5,MATCH(E$1,products!$B$2:$B$5,0))=1))),1,0) -> 0 | F50: =IF(AND($D50<=90,$C50>=INDEX(products!$D$2:$D$5,MATCH(F$1,products!$B$2:$B$5,0)),OR($B50>=INDEX(products!$C$2:$C$5,MATCH(F$1,products!$B$2:$B$5,0)),AND($B50="",INDEX(products!$I$2:$I$5,MATCH(F$1,products!$B$2:$B$5,0))=1))),1,0) -> 0 | G50: =IF(AND($D50<=90,$C50>=INDEX(products!$D$2:$D$5,MATCH(G$1,products!$B$2:$B$5,0)),OR($B50>=INDEX(products!$C$2:$C$5,MATCH(G$1,products!$B$2:$B$5,0)),AND($B50="",INDEX(products!$I$2:$I$5,MATCH(G$1,products!$B$2:$B$5,0))=1))),1,0) -> 1 | H50: =IF(AND($D50<=90,$C50>=INDEX(products!$D$2:$D$5,MATCH(H$1,products!$B$2:$B$5,0)),OR($B50>=INDEX(products!$C$2:$C$5,MATCH(H$1,products!$B$2:$B$5,0)),AND($B50="",INDEX(products!$I$2:$I$5,MATCH(H$1,products!$B$2:$B$5,0))=1))),1,0) -> 1 | I50: =IFERROR(INDEX($E$1:$H$1,MATCH(1,E50:H50,0)),"No offer") -> Starter
A51: 5050 | B51: 672 | C51: 12000000 | D51: 7 | E51: =IF(AND($D51<=90,$C51>=INDEX(products!$D$2:$D$5,MATCH(E$1,products!$B$2:$B$5,0)),OR($B51>=INDEX(products!$C$2:$C$5,MATCH(E$1,products!$B$2:$B$5,0)),AND($B51="",INDEX(products!$I$2:$I$5,MATCH(E$1,products!$B$2:$B$5,0))=1))),1,0) -> 0 | F51: =IF(AND($D51<=90,$C51>=INDEX(products!$D$2:$D$5,MATCH(F$1,products!$B$2:$B$5,0)),OR($B51>=INDEX(products!$C$2:$C$5,MATCH(F$1,products!$B$2:$B$5,0)),AND($B51="",INDEX(products!$I$2:$I$5,MATCH(F$1,products!$B$2:$B$5,0))=1))),1,0) -> 1 | G51: =IF(AND($D51<=90,$C51>=INDEX(products!$D$2:$D$5,MATCH(G$1,products!$B$2:$B$5,0)),OR($B51>=INDEX(products!$C$2:$C$5,MATCH(G$1,products!$B$2:$B$5,0)),AND($B51="",INDEX(products!$I$2:$I$5,MATCH(G$1,products!$B$2:$B$5,0))=1))),1,0) -> 1 | H51: =IF(AND($D51<=90,$C51>=INDEX(products!$D$2:$D$5,MATCH(H$1,products!$B$2:$B$5,0)),OR($B51>=INDEX(products!$C$2:$C$5,MATCH(H$1,products!$B$2:$B$5,0)),AND($B51="",INDEX(products!$I$2:$I$5,MATCH(H$1,products!$B$2:$B$5,0))=1))),1,0) -> 1 | I51: =IFERROR(INDEX($E$1:$H$1,MATCH(1,E51:H51,0)),"No offer") -> Standard
A52: 5051 | B52: 700 | C52: 15000000 | D52: 8 | E52: =IF(AND($D52<=90,$C52>=INDEX(products!$D$2:$D$5,MATCH(E$1,products!$B$2:$B$5,0)),OR($B52>=INDEX(products!$C$2:$C$5,MATCH(E$1,products!$B$2:$B$5,0)),AND($B52="",INDEX(products!$I$2:$I$5,MATCH(E$1,products!$B$2:$B$5,0))=1))),1,0) -> 1 | F52: =IF(AND($D52<=90,$C52>=INDEX(products!$D$2:$D$5,MATCH(F$1,products!$B$2:$B$5,0)),OR($B52>=INDEX(products!$C$2:$C$5,MATCH(F$1,products!$B$2:$B$5,0)),AND($B52="",INDEX(products!$I$2:$I$5,MATCH(F$1,products!$B$2:$B$5,0))=1))),1,0) -> 1 | G52: =IF(AND($D52<=90,$C52>=INDEX(products!$D$2:$D$5,MATCH(G$1,products!$B$2:$B$5,0)),OR($B52>=INDEX(products!$C$2:$C$5,MATCH(G$1,products!$B$2:$B$5,0)),AND($B52="",INDEX(products!$I$2:$I$5,MATCH(G$1,products!$B$2:$B$5,0))=1))),1,0) -> 1 | H52: =IF(AND($D52<=90,$C52>=INDEX(products!$D$2:$D$5,MATCH(H$1,products!$B$2:$B$5,0)),OR($B52>=INDEX(products!$C$2:$C$5,MATCH(H$1,products!$B$2:$B$5,0)),AND($B52="",INDEX(products!$I$2:$I$5,MATCH(H$1,products!$B$2:$B$5,0))=1))),1,0) -> 1 | I52: =IFERROR(INDEX($E$1:$H$1,MATCH(1,E52:H52,0)),"No offer") -> Prime
A53: 5052 | C53: 5000000 | D53: 0 | E53: =IF(AND($D53<=90,$C53>=INDEX(products!$D$2:$D$5,MATCH(E$1,products!$B$2:$B$5,0)),OR($B53>=INDEX(products!$C$2:$C$5,MATCH(E$1,products!$B$2:$B$5,0)),AND($B53="",INDEX(products!$I$2:$I$5,MATCH(E$1,products!$B$2:$B$5,0))=1))),1,0) -> 0 | F53: =IF(AND($D53<=90,$C53>=INDEX(products!$D$2:$D$5,MATCH(F$1,products!$B$2:$B$5,0)),OR($B53>=INDEX(products!$C$2:$C$5,MATCH(F$1,products!$B$2:$B$5,0)),AND($B53="",INDEX(products!$I$2:$I$5,MATCH(F$1,products!$B$2:$B$5,0))=1))),1,0) -> 0 | G53: =IF(AND($D53<=90,$C53>=INDEX(products!$D$2:$D$5,MATCH(G$1,products!$B$2:$B$5,0)),OR($B53>=INDEX(products!$C$2:$C$5,MATCH(G$1,products!$B$2:$B$5,0)),AND($B53="",INDEX(products!$I$2:$I$5,MATCH(G$1,products!$B$2:$B$5,0))=1))),1,0) -> 0 | H53: =IF(AND($D53<=90,$C53>=INDEX(products!$D$2:$D$5,MATCH(H$1,products!$B$2:$B$5,0)),OR($B53>=INDEX(products!$C$2:$C$5,MATCH(H$1,products!$B$2:$B$5,0)),AND($B53="",INDEX(products!$I$2:$I$5,MATCH(H$1,products!$B$2:$B$5,0))=1))),1,0) -> 1 | I53: =IFERROR(INDEX($E$1:$H$1,MATCH(1,E53:H53,0)),"No offer") -> Micro
A54: 5053 | B54: 431 | C54: 43500000 | D54: 109 | E54: =IF(AND($D54<=90,$C54>=INDEX(products!$D$2:$D$5,MATCH(E$1,products!$B$2:$B$5,0)),OR($B54>=INDEX(products!$C$2:$C$5,MATCH(E$1,products!$B$2:$B$5,0)),AND($B54="",INDEX(products!$I$2:$I$5,MATCH(E$1,products!$B$2:$B$5,0))=1))),1,0) -> 0 | F54: =IF(AND($D54<=90,$C54>=INDEX(products!$D$2:$D$5,MATCH(F$1,products!$B$2:$B$5,0)),OR($B54>=INDEX(products!$C$2:$C$5,MATCH(F$1,products!$B$2:$B$5,0)),AND($B54="",INDEX(products!$I$2:$I$5,MATCH(F$1,products!$B$2:$B$5,0))=1))),1,0) -> 0 | G54: =IF(AND($D54<=90,$C54>=INDEX(products!$D$2:$D$5,MATCH(G$1,products!$B$2:$B$5,0)),OR($B54>=INDEX(products!$C$2:$C$5,MATCH(G$1,products!$B$2:$B$5,0)),AND($B54="",INDEX(products!$I$2:$I$5,MATCH(G$1,products!$B$2:$B$5,0))=1))),1,0) -> 0 | H54: =IF(AND($D54<=90,$C54>=INDEX(products!$D$2:$D$5,MATCH(H$1,products!$B$2:$B$5,0)),OR($B54>=INDEX(products!$C$2:$C$5,MATCH(H$1,products!$B$2:$B$5,0)),AND($B54="",INDEX(products!$I$2:$I$5,MATCH(H$1,products!$B$2:$B$5,0))=1))),1,0) -> 0 | I54: =IFERROR(INDEX($E$1:$H$1,MATCH(1,E54:H54,0)),"No offer") -> No offer
A55: 5054 | B55: 321 | C55: 7500000 | D55: 264 | E55: =IF(AND($D55<=90,$C55>=INDEX(products!$D$2:$D$5,MATCH(E$1,products!$B$2:$B$5,0)),OR($B55>=INDEX(products!$C$2:$C$5,MATCH(E$1,products!$B$2:$B$5,0)),AND($B55="",INDEX(products!$I$2:$I$5,MATCH(E$1,products!$B$2:$B$5,0))=1))),1,0) -> 0 | F55: =IF(AND($D55<=90,$C55>=INDEX(products!$D$2:$D$5,MATCH(F$1,products!$B$2:$B$5,0)),OR($B55>=INDEX(products!$C$2:$C$5,MATCH(F$1,products!$B$2:$B$5,0)),AND($B55="",INDEX(products!$I$2:$I$5,MATCH(F$1,products!$B$2:$B$5,0))=1))),1,0) -> 0 | G55: =IF(AND($D55<=90,$C55>=INDEX(products!$D$2:$D$5,MATCH(G$1,products!$B$2:$B$5,0)),OR($B55>=INDEX(products!$C$2:$C$5,MATCH(G$1,products!$B$2:$B$5,0)),AND($B55="",INDEX(products!$I$2:$I$5,MATCH(G$1,products!$B$2:$B$5,0))=1))),1,0) -> 0 | H55: =IF(AND($D55<=90,$C55>=INDEX(products!$D$2:$D$5,MATCH(H$1,products!$B$2:$B$5,0)),OR($B55>=INDEX(products!$C$2:$C$5,MATCH(H$1,products!$B$2:$B$5,0)),AND($B55="",INDEX(products!$I$2:$I$5,MATCH(H$1,products!$B$2:$B$5,0))=1))),1,0) -> 0 | I55: =IFERROR(INDEX($E$1:$H$1,MATCH(1,E55:H55,0)),"No offer") -> No offer
A56: 5055 | C56: 21000000 | D56: 0 | E56: =IF(AND($D56<=90,$C56>=INDEX(products!$D$2:$D$5,MATCH(E$1,products!$B$2:$B$5,0)),OR($B56>=INDEX(products!$C$2:$C$5,MATCH(E$1,products!$B$2:$B$5,0)),AND($B56="",INDEX(products!$I$2:$I$5,MATCH(E$1,products!$B$2:$B$5,0))=1))),1,0) -> 0 | F56: =IF(AND($D56<=90,$C56>=INDEX(products!$D$2:$D$5,MATCH(F$1,products!$B$2:$B$5,0)),OR($B56>=INDEX(products!$C$2:$C$5,MATCH(F$1,products!$B$2:$B$5,0)),AND($B56="",INDEX(products!$I$2:$I$5,MATCH(F$1,products!$B$2:$B$5,0))=1))),1,0) -> 0 | G56: =IF(AND($D56<=90,$C56>=INDEX(products!$D$2:$D$5,MATCH(G$1,products!$B$2:$B$5,0)),OR($B56>=INDEX(products!$C$2:$C$5,MATCH(G$1,products!$B$2:$B$5,0)),AND($B56="",INDEX(products!$I$2:$I$5,MATCH(G$1,products!$B$2:$B$5,0))=1))),1,0) -> 0 | H56: =IF(AND($D56<=90,$C56>=INDEX(products!$D$2:$D$5,MATCH(H$1,products!$B$2:$B$5,0)),OR($B56>=INDEX(products!$C$2:$C$5,MATCH(H$1,products!$B$2:$B$5,0)),AND($B56="",INDEX(products!$I$2:$I$5,MATCH(H$1,products!$B$2:$B$5,0))=1))),1,0) -> 1 | I56: =IFERROR(INDEX($E$1:$H$1,MATCH(1,E56:H56,0)),"No offer") -> Micro
A57: 5056 | B57: 567 | C57: 11500000 | D57: 6 | E57: =IF(AND($D57<=90,$C57>=INDEX(products!$D$2:$D$5,MATCH(E$1,products!$B$2:$B$5,0)),OR($B57>=INDEX(products!$C$2:$C$5,MATCH(E$1,products!$B$2:$B$5,0)),AND($B57="",INDEX(products!$I$2:$I$5,MATCH(E$1,products!$B$2:$B$5,0))=1))),1,0) -> 0 | F57: =IF(AND($D57<=90,$C57>=INDEX(products!$D$2:$D$5,MATCH(F$1,products!$B$2:$B$5,0)),OR($B57>=INDEX(products!$C$2:$C$5,MATCH(F$1,products!$B$2:$B$5,0)),AND($B57="",INDEX(products!$I$2:$I$5,MATCH(F$1,products!$B$2:$B$5,0))=1))),1,0) -> 0 | G57: =IF(AND($D57<=90,$C57>=INDEX(products!$D$2:$D$5,MATCH(G$1,products!$B$2:$B$5,0)),OR($B57>=INDEX(products!$C$2:$C$5,MATCH(G$1,products!$B$2:$B$5,0)),AND($B57="",INDEX(products!$I$2:$I$5,MATCH(G$1,products!$B$2:$B$5,0))=1))),1,0) -> 1 | H57: =IF(AND($D57<=90,$C57>=INDEX(products!$D$2:$D$5,MATCH(H$1,products!$B$2:$B$5,0)),OR($B57>=INDEX(products!$C$2:$C$5,MATCH(H$1,products!$B$2:$B$5,0)),AND($B57="",INDEX(products!$I$2:$I$5,MATCH(H$1,products!$B$2:$B$5,0))=1))),1,0) -> 1 | I57: =IFERROR(INDEX($E$1:$H$1,MATCH(1,E57:H57,0)),"No offer") -> Starter
A58: 5057 | B58: 500 | C58: 7000000 | D58: 9 | E58: =IF(AND($D58<=90,$C58>=INDEX(products!$D$2:$D$5,MATCH(E$1,products!$B$2:$B$5,0)),OR($B58>=INDEX(products!$C$2:$C$5,MATCH(E$1,products!$B$2:$B$5,0)),AND($B58="",INDEX(products!$I$2:$I$5,MATCH(E$1,products!$B$2:$B$5,0))=1))),1,0) -> 0 | F58: =IF(AND($D58<=90,$C58>=INDEX(products!$D$2:$D$5,MATCH(F$1,products!$B$2:$B$5,0)),OR($B58>=INDEX(products!$C$2:$C$5,MATCH(F$1,products!$B$2:$B$5,0)),AND($B58="",INDEX(products!$I$2:$I$5,MATCH(F$1,products!$B$2:$B$5,0))=1))),1,0) -> 0 | G58: =IF(AND($D58<=90,$C58>=INDEX(products!$D$2:$D$5,MATCH(G$1,products!$B$2:$B$5,0)),OR($B58>=INDEX(products!$C$2:$C$5,MATCH(G$1,products!$B$2:$B$5,0)),AND($B58="",INDEX(products!$I$2:$I$5,MATCH(G$1,products!$B$2:$B$5,0))=1))),1,0) -> 1 | H58: =IF(AND($D58<=90,$C58>=INDEX(products!$D$2:$D$5,MATCH(H$1,products!$B$2:$B$5,0)),OR($B58>=INDEX(products!$C$2:$C$5,MATCH(H$1,products!$B$2:$B$5,0)),AND($B58="",INDEX(products!$I$2:$I$5,MATCH(H$1,products!$B$2:$B$5,0))=1))),1,0) -> 1 | I58: =IFERROR(INDEX($E$1:$H$1,MATCH(1,E58:H58,0)),"No offer") -> Starter
A59: 5058 | B59: 726 | C59: 17000000 | D59: 5 | E59: =IF(AND($D59<=90,$C59>=INDEX(products!$D$2:$D$5,MATCH(E$1,products!$B$2:$B$5,0)),OR($B59>=INDEX(products!$C$2:$C$5,MATCH(E$1,products!$B$2:$B$5,0)),AND($B59="",INDEX(products!$I$2:$I$5,MATCH(E$1,products!$B$2:$B$5,0))=1))),1,0) -> 1 | F59: =IF(AND($D59<=90,$C59>=INDEX(products!$D$2:$D$5,MATCH(F$1,products!$B$2:$B$5,0)),OR($B59>=INDEX(products!$C$2:$C$5,MATCH(F$1,products!$B$2:$B$5,0)),AND($B59="",INDEX(products!$I$2:$I$5,MATCH(F$1,products!$B$2:$B$5,0))=1))),1,0) -> 1 | G59: =IF(AND($D59<=90,$C59>=INDEX(products!$D$2:$D$5,MATCH(G$1,products!$B$2:$B$5,0)),OR($B59>=INDEX(products!$C$2:$C$5,MATCH(G$1,products!$B$2:$B$5,0)),AND($B59="",INDEX(products!$I$2:$I$5,MATCH(G$1,products!$B$2:$B$5,0))=1))),1,0) -> 1 | H59: =IF(AND($D59<=90,$C59>=INDEX(products!$D$2:$D$5,MATCH(H$1,products!$B$2:$B$5,0)),OR($B59>=INDEX(products!$C$2:$C$5,MATCH(H$1,products!$B$2:$B$5,0)),AND($B59="",INDEX(products!$I$2:$I$5,MATCH(H$1,products!$B$2:$B$5,0))=1))),1,0) -> 1 | I59: =IFERROR(INDEX($E$1:$H$1,MATCH(1,E59:H59,0)),"No offer") -> Prime
A60: 5059 | B60: 329 | C60: 8500000 | D60: 155 | E60: =IF(AND($D60<=90,$C60>=INDEX(products!$D$2:$D$5,MATCH(E$1,products!$B$2:$B$5,0)),OR($B60>=INDEX(products!$C$2:$C$5,MATCH(E$1,products!$B$2:$B$5,0)),AND($B60="",INDEX(products!$I$2:$I$5,MATCH(E$1,products!$B$2:$B$5,0))=1))),1,0) -> 0 | F60: =IF(AND($D60<=90,$C60>=INDEX(products!$D$2:$D$5,MATCH(F$1,products!$B$2:$B$5,0)),OR($B60>=INDEX(products!$C$2:$C$5,MATCH(F$1,products!$B$2:$B$5,0)),AND($B60="",INDEX(products!$I$2:$I$5,MATCH(F$1,products!$B$2:$B$5,0))=1))),1,0) -> 0 | G60: =IF(AND($D60<=90,$C60>=INDEX(products!$D$2:$D$5,MATCH(G$1,products!$B$2:$B$5,0)),OR($B60>=INDEX(products!$C$2:$C$5,MATCH(G$1,products!$B$2:$B$5,0)),AND($B60="",INDEX(products!$I$2:$I$5,MATCH(G$1,products!$B$2:$B$5,0))=1))),1,0) -> 0 | H60: =IF(AND($D60<=90,$C60>=INDEX(products!$D$2:$D$5,MATCH(H$1,products!$B$2:$B$5,0)),OR($B60>=INDEX(products!$C$2:$C$5,MATCH(H$1,products!$B$2:$B$5,0)),AND($B60="",INDEX(products!$I$2:$I$5,MATCH(H$1,products!$B$2:$B$5,0))=1))),1,0) -> 0 | I60: =IFERROR(INDEX($E$1:$H$1,MATCH(1,E60:H60,0)),"No offer") -> No offer
A61: 5060 | B61: 796 | C61: 20000000 | D61: 7 | E61: =IF(AND($D61<=90,$C61>=INDEX(products!$D$2:$D$5,MATCH(E$1,products!$B$2:$B$5,0)),OR($B61>=INDEX(products!$C$2:$C$5,MATCH(E$1,products!$B$2:$B$5,0)),AND($B61="",INDEX(products!$I$2:$I$5,MATCH(E$1,products!$B$2:$B$5,0))=1))),1,0) -> 1 | F61: =IF(AND($D61<=90,$C61>=INDEX(products!$D$2:$D$5,MATCH(F$1,products!$B$2:$B$5,0)),OR($B61>=INDEX(products!$C$2:$C$5,MATCH(F$1,products!$B$2:$B$5,0)),AND($B61="",INDEX(products!$I$2:$I$5,MATCH(F$1,products!$B$2:$B$5,0))=1))),1,0) -> 1 | G61: =IF(AND($D61<=90,$C61>=INDEX(products!$D$2:$D$5,MATCH(G$1,products!$B$2:$B$5,0)),OR($B61>=INDEX(products!$C$2:$C$5,MATCH(G$1,products!$B$2:$B$5,0)),AND($B61="",INDEX(products!$I$2:$I$5,MATCH(G$1,products!$B$2:$B$5,0))=1))),1,0) -> 1 | H61: =IF(AND($D61<=90,$C61>=INDEX(products!$D$2:$D$5,MATCH(H$1,products!$B$2:$B$5,0)),OR($B61>=INDEX(products!$C$2:$C$5,MATCH(H$1,products!$B$2:$B$5,0)),AND($B61="",INDEX(products!$I$2:$I$5,MATCH(H$1,products!$B$2:$B$5,0))=1))),1,0) -> 1 | I61: =IFERROR(INDEX($E$1:$H$1,MATCH(1,E61:H61,0)),"No offer") -> Prime
A62: 5061 | B62: 650 | C62: 12000000 | D62: 90 | E62: =IF(AND($D62<=90,$C62>=INDEX(products!$D$2:$D$5,MATCH(E$1,products!$B$2:$B$5,0)),OR($B62>=INDEX(products!$C$2:$C$5,MATCH(E$1,products!$B$2:$B$5,0)),AND($B62="",INDEX(products!$I$2:$I$5,MATCH(E$1,products!$B$2:$B$5,0))=1))),1,0) -> 0 | F62: =IF(AND($D62<=90,$C62>=INDEX(products!$D$2:$D$5,MATCH(F$1,products!$B$2:$B$5,0)),OR($B62>=INDEX(products!$C$2:$C$5,MATCH(F$1,products!$B$2:$B$5,0)),AND($B62="",INDEX(products!$I$2:$I$5,MATCH(F$1,products!$B$2:$B$5,0))=1))),1,0) -> 1 | G62: =IF(AND($D62<=90,$C62>=INDEX(products!$D$2:$D$5,MATCH(G$1,products!$B$2:$B$5,0)),OR($B62>=INDEX(products!$C$2:$C$5,MATCH(G$1,products!$B$2:$B$5,0)),AND($B62="",INDEX(products!$I$2:$I$5,MATCH(G$1,products!$B$2:$B$5,0))=1))),1,0) -> 1 | H62: =IF(AND($D62<=90,$C62>=INDEX(products!$D$2:$D$5,MATCH(H$1,products!$B$2:$B$5,0)),OR($B62>=INDEX(products!$C$2:$C$5,MATCH(H$1,products!$B$2:$B$5,0)),AND($B62="",INDEX(products!$I$2:$I$5,MATCH(H$1,products!$B$2:$B$5,0))=1))),1,0) -> 1 | I62: =IFERROR(INDEX($E$1:$H$1,MATCH(1,E62:H62,0)),"No offer") -> Standard
A63: 5062 | B63: 765 | C63: 11500000 | D63: 5 | E63: =IF(AND($D63<=90,$C63>=INDEX(products!$D$2:$D$5,MATCH(E$1,products!$B$2:$B$5,0)),OR($B63>=INDEX(products!$C$2:$C$5,MATCH(E$1,products!$B$2:$B$5,0)),AND($B63="",INDEX(products!$I$2:$I$5,MATCH(E$1,products!$B$2:$B$5,0))=1))),1,0) -> 0 | F63: =IF(AND($D63<=90,$C63>=INDEX(products!$D$2:$D$5,MATCH(F$1,products!$B$2:$B$5,0)),OR($B63>=INDEX(products!$C$2:$C$5,MATCH(F$1,products!$B$2:$B$5,0)),AND($B63="",INDEX(products!$I$2:$I$5,MATCH(F$1,products!$B$2:$B$5,0))=1))),1,0) -> 1 | G63: =IF(AND($D63<=90,$C63>=INDEX(products!$D$2:$D$5,MATCH(G$1,products!$B$2:$B$5,0)),OR($B63>=INDEX(products!$C$2:$C$5,MATCH(G$1,products!$B$2:$B$5,0)),AND($B63="",INDEX(products!$I$2:$I$5,MATCH(G$1,products!$B$2:$B$5,0))=1))),1,0) -> 1 | H63: =IF(AND($D63<=90,$C63>=INDEX(products!$D$2:$D$5,MATCH(H$1,products!$B$2:$B$5,0)),OR($B63>=INDEX(products!$C$2:$C$5,MATCH(H$1,products!$B$2:$B$5,0)),AND($B63="",INDEX(products!$I$2:$I$5,MATCH(H$1,products!$B$2:$B$5,0))=1))),1,0) -> 1 | I63: =IFERROR(INDEX($E$1:$H$1,MATCH(1,E63:H63,0)),"No offer") -> Standard
A64: 5063 | B64: 719 | C64: 15500000 | D64: 8 | E64: =IF(AND($D64<=90,$C64>=INDEX(products!$D$2:$D$5,MATCH(E$1,products!$B$2:$B$5,0)),OR($B64>=INDEX(products!$C$2:$C$5,MATCH(E$1,products!$B$2:$B$5,0)),AND($B64="",INDEX(products!$I$2:$I$5,MATCH(E$1,products!$B$2:$B$5,0))=1))),1,0) -> 1 | F64: =IF(AND($D64<=90,$C64>=INDEX(products!$D$2:$D$5,MATCH(F$1,products!$B$2:$B$5,0)),OR($B64>=INDEX(products!$C$2:$C$5,MATCH(F$1,products!$B$2:$B$5,0)),AND($B64="",INDEX(products!$I$2:$I$5,MATCH(F$1,products!$B$2:$B$5,0))=1))),1,0) -> 1 | G64: =IF(AND($D64<=90,$C64>=INDEX(products!$D$2:$D$5,MATCH(G$1,products!$B$2:$B$5,0)),OR($B64>=INDEX(products!$C$2:$C$5,MATCH(G$1,products!$B$2:$B$5,0)),AND($B64="",INDEX(products!$I$2:$I$5,MATCH(G$1,products!$B$2:$B$5,0))=1))),1,0) -> 1 | H64: =IF(AND($D64<=90,$C64>=INDEX(products!$D$2:$D$5,MATCH(H$1,products!$B$2:$B$5,0)),OR($B64>=INDEX(products!$C$2:$C$5,MATCH(H$1,products!$B$2:$B$5,0)),AND($B64="",INDEX(products!$I$2:$I$5,MATCH(H$1,products!$B$2:$B$5,0))=1))),1,0) -> 1 | I64: =IFERROR(INDEX($E$1:$H$1,MATCH(1,E64:H64,0)),"No offer") -> Prime
A65: 5064 | B65: 803 | C65: 7000000 | D65: 7 | E65: =IF(AND($D65<=90,$C65>=INDEX(products!$D$2:$D$5,MATCH(E$1,products!$B$2:$B$5,0)),OR($B65>=INDEX(products!$C$2:$C$5,MATCH(E$1,products!$B$2:$B$5,0)),AND($B65="",INDEX(products!$I$2:$I$5,MATCH(E$1,products!$B$2:$B$5,0))=1))),1,0) -> 0 | F65: =IF(AND($D65<=90,$C65>=INDEX(products!$D$2:$D$5,MATCH(F$1,products!$B$2:$B$5,0)),OR($B65>=INDEX(products!$C$2:$C$5,MATCH(F$1,products!$B$2:$B$5,0)),AND($B65="",INDEX(products!$I$2:$I$5,MATCH(F$1,products!$B$2:$B$5,0))=1))),1,0) -> 0 | G65: =IF(AND($D65<=90,$C65>=INDEX(products!$D$2:$D$5,MATCH(G$1,products!$B$2:$B$5,0)),OR($B65>=INDEX(products!$C$2:$C$5,MATCH(G$1,products!$B$2:$B$5,0)),AND($B65="",INDEX(products!$I$2:$I$5,MATCH(G$1,products!$B$2:$B$5,0))=1))),1,0) -> 1 | H65: =IF(AND($D65<=90,$C65>=INDEX(products!$D$2:$D$5,MATCH(H$1,products!$B$2:$B$5,0)),OR($B65>=INDEX(products!$C$2:$C$5,MATCH(H$1,products!$B$2:$B$5,0)),AND($B65="",INDEX(products!$I$2:$I$5,MATCH(H$1,products!$B$2:$B$5,0))=1))),1,0) -> 1 | I65: =IFERROR(INDEX($E$1:$H$1,MATCH(1,E65:H65,0)),"No offer") -> Starter
A66: 5065 | C66: 6500000 | D66: 0 | E66: =IF(AND($D66<=90,$C66>=INDEX(products!$D$2:$D$5,MATCH(E$1,products!$B$2:$B$5,0)),OR($B66>=INDEX(products!$C$2:$C$5,MATCH(E$1,products!$B$2:$B$5,0)),AND($B66="",INDEX(products!$I$2:$I$5,MATCH(E$1,products!$B$2:$B$5,0))=1))),1,0) -> 0 | F66: =IF(AND($D66<=90,$C66>=INDEX(products!$D$2:$D$5,MATCH(F$1,products!$B$2:$B$5,0)),OR($B66>=INDEX(products!$C$2:$C$5,MATCH(F$1,products!$B$2:$B$5,0)),AND($B66="",INDEX(products!$I$2:$I$5,MATCH(F$1,products!$B$2:$B$5,0))=1))),1,0) -> 0 | G66: =IF(AND($D66<=90,$C66>=INDEX(products!$D$2:$D$5,MATCH(G$1,products!$B$2:$B$5,0)),OR($B66>=INDEX(products!$C$2:$C$5,MATCH(G$1,products!$B$2:$B$5,0)),AND($B66="",INDEX(products!$I$2:$I$5,MATCH(G$1,products!$B$2:$B$5,0))=1))),1,0) -> 0 | H66: =IF(AND($D66<=90,$C66>=INDEX(products!$D$2:$D$5,MATCH(H$1,products!$B$2:$B$5,0)),OR($B66>=INDEX(products!$C$2:$C$5,MATCH(H$1,products!$B$2:$B$5,0)),AND($B66="",INDEX(products!$I$2:$I$5,MATCH(H$1,products!$B$2:$B$5,0))=1))),1,0) -> 1 | I66: =IFERROR(INDEX($E$1:$H$1,MATCH(1,E66:H66,0)),"No offer") -> Micro
A67: 5066 | B67: 659 | C67: 8000000 | D67: 4 | E67: =IF(AND($D67<=90,$C67>=INDEX(products!$D$2:$D$5,MATCH(E$1,products!$B$2:$B$5,0)),OR($B67>=INDEX(products!$C$2:$C$5,MATCH(E$1,products!$B$2:$B$5,0)),AND($B67="",INDEX(products!$I$2:$I$5,MATCH(E$1,products!$B$2:$B$5,0))=1))),1,0) -> 0 | F67: =IF(AND($D67<=90,$C67>=INDEX(products!$D$2:$D$5,MATCH(F$1,products!$B$2:$B$5,0)),OR($B67>=INDEX(products!$C$2:$C$5,MATCH(F$1,products!$B$2:$B$5,0)),AND($B67="",INDEX(products!$I$2:$I$5,MATCH(F$1,products!$B$2:$B$5,0))=1))),1,0) -> 0 | G67: =IF(AND($D67<=90,$C67>=INDEX(products!$D$2:$D$5,MATCH(G$1,products!$B$2:$B$5,0)),OR($B67>=INDEX(products!$C$2:$C$5,MATCH(G$1,products!$B$2:$B$5,0)),AND($B67="",INDEX(products!$I$2:$I$5,MATCH(G$1,products!$B$2:$B$5,0))=1))),1,0) -> 1 | H67: =IF(AND($D67<=90,$C67>=INDEX(products!$D$2:$D$5,MATCH(H$1,products!$B$2:$B$5,0)),OR($B67>=INDEX(products!$C$2:$C$5,MATCH(H$1,products!$B$2:$B$5,0)),AND($B67="",INDEX(products!$I$2:$I$5,MATCH(H$1,products!$B$2:$B$5,0))=1))),1,0) -> 1 | I67: =IFERROR(INDEX($E$1:$H$1,MATCH(1,E67:H67,0)),"No offer") -> Starter
A68: 5067 | B68: 710 | C68: 19500000 | D68: 9 | E68: =IF(AND($D68<=90,$C68>=INDEX(products!$D$2:$D$5,MATCH(E$1,products!$B$2:$B$5,0)),OR($B68>=INDEX(products!$C$2:$C$5,MATCH(E$1,products!$B$2:$B$5,0)),AND($B68="",INDEX(products!$I$2:$I$5,MATCH(E$1,products!$B$2:$B$5,0))=1))),1,0) -> 1 | F68: =IF(AND($D68<=90,$C68>=INDEX(products!$D$2:$D$5,MATCH(F$1,products!$B$2:$B$5,0)),OR($B68>=INDEX(products!$C$2:$C$5,MATCH(F$1,products!$B$2:$B$5,0)),AND($B68="",INDEX(products!$I$2:$I$5,MATCH(F$1,products!$B$2:$B$5,0))=1))),1,0) -> 1 | G68: =IF(AND($D68<=90,$C68>=INDEX(products!$D$2:$D$5,MATCH(G$1,products!$B$2:$B$5,0)),OR($B68>=INDEX(products!$C$2:$C$5,MATCH(G$1,products!$B$2:$B$5,0)),AND($B68="",INDEX(products!$I$2:$I$5,MATCH(G$1,products!$B$2:$B$5,0))=1))),1,0) -> 1 | H68: =IF(AND($D68<=90,$C68>=INDEX(products!$D$2:$D$5,MATCH(H$1,products!$B$2:$B$5,0)),OR($B68>=INDEX(products!$C$2:$C$5,MATCH(H$1,products!$B$2:$B$5,0)),AND($B68="",INDEX(products!$I$2:$I$5,MATCH(H$1,products!$B$2:$B$5,0))=1))),1,0) -> 1 | I68: =IFERROR(INDEX($E$1:$H$1,MATCH(1,E68:H68,0)),"No offer") -> Prime
A69: 5068 | B69: 770 | C69: 9000000 | D69: 7 | E69: =IF(AND($D69<=90,$C69>=INDEX(products!$D$2:$D$5,MATCH(E$1,products!$B$2:$B$5,0)),OR($B69>=INDEX(products!$C$2:$C$5,MATCH(E$1,products!$B$2:$B$5,0)),AND($B69="",INDEX(products!$I$2:$I$5,MATCH(E$1,products!$B$2:$B$5,0))=1))),1,0) -> 0 | F69: =IF(AND($D69<=90,$C69>=INDEX(products!$D$2:$D$5,MATCH(F$1,products!$B$2:$B$5,0)),OR($B69>=INDEX(products!$C$2:$C$5,MATCH(F$1,products!$B$2:$B$5,0)),AND($B69="",INDEX(products!$I$2:$I$5,MATCH(F$1,products!$B$2:$B$5,0))=1))),1,0) -> 0 | G69: =IF(AND($D69<=90,$C69>=INDEX(products!$D$2:$D$5,MATCH(G$1,products!$B$2:$B$5,0)),OR($B69>=INDEX(products!$C$2:$C$5,MATCH(G$1,products!$B$2:$B$5,0)),AND($B69="",INDEX(products!$I$2:$I$5,MATCH(G$1,products!$B$2:$B$5,0))=1))),1,0) -> 1 | H69: =IF(AND($D69<=90,$C69>=INDEX(products!$D$2:$D$5,MATCH(H$1,products!$B$2:$B$5,0)),OR($B69>=INDEX(products!$C$2:$C$5,MATCH(H$1,products!$B$2:$B$5,0)),AND($B69="",INDEX(products!$I$2:$I$5,MATCH(H$1,products!$B$2:$B$5,0))=1))),1,0) -> 1 | I69: =IFERROR(INDEX($E$1:$H$1,MATCH(1,E69:H69,0)),"No offer") -> Starter
A70: 5069 | B70: 817 | C70: 23500000 | D70: 8 | E70: =IF(AND($D70<=90,$C70>=INDEX(products!$D$2:$D$5,MATCH(E$1,products!$B$2:$B$5,0)),OR($B70>=INDEX(products!$C$2:$C$5,MATCH(E$1,products!$B$2:$B$5,0)),AND($B70="",INDEX(products!$I$2:$I$5,MATCH(E$1,products!$B$2:$B$5,0))=1))),1,0) -> 1 | F70: =IF(AND($D70<=90,$C70>=INDEX(products!$D$2:$D$5,MATCH(F$1,products!$B$2:$B$5,0)),OR($B70>=INDEX(products!$C$2:$C$5,MATCH(F$1,products!$B$2:$B$5,0)),AND($B70="",INDEX(products!$I$2:$I$5,MATCH(F$1,products!$B$2:$B$5,0))=1))),1,0) -> 1 | G70: =IF(AND($D70<=90,$C70>=INDEX(products!$D$2:$D$5,MATCH(G$1,products!$B$2:$B$5,0)),OR($B70>=INDEX(products!$C$2:$C$5,MATCH(G$1,products!$B$2:$B$5,0)),AND($B70="",INDEX(products!$I$2:$I$5,MATCH(G$1,products!$B$2:$B$5,0))=1))),1,0) -> 1 | H70: =IF(AND($D70<=90,$C70>=INDEX(products!$D$2:$D$5,MATCH(H$1,products!$B$2:$B$5,0)),OR($B70>=INDEX(products!$C$2:$C$5,MATCH(H$1,products!$B$2:$B$5,0)),AND($B70="",INDEX(products!$I$2:$I$5,MATCH(H$1,products!$B$2:$B$5,0))=1))),1,0) -> 1 | I70: =IFERROR(INDEX($E$1:$H$1,MATCH(1,E70:H70,0)),"No offer") -> Prime
A71: 5070 | B71: 424 | C71: 20000000 | D71: 244 | E71: =IF(AND($D71<=90,$C71>=INDEX(products!$D$2:$D$5,MATCH(E$1,products!$B$2:$B$5,0)),OR($B71>=INDEX(products!$C$2:$C$5,MATCH(E$1,products!$B$2:$B$5,0)),AND($B71="",INDEX(products!$I$2:$I$5,MATCH(E$1,products!$B$2:$B$5,0))=1))),1,0) -> 0 | F71: =IF(AND($D71<=90,$C71>=INDEX(products!$D$2:$D$5,MATCH(F$1,products!$B$2:$B$5,0)),OR($B71>=INDEX(products!$C$2:$C$5,MATCH(F$1,products!$B$2:$B$5,0)),AND($B71="",INDEX(products!$I$2:$I$5,MATCH(F$1,products!$B$2:$B$5,0))=1))),1,0) -> 0 | G71: =IF(AND($D71<=90,$C71>=INDEX(products!$D$2:$D$5,MATCH(G$1,products!$B$2:$B$5,0)),OR($B71>=INDEX(products!$C$2:$C$5,MATCH(G$1,products!$B$2:$B$5,0)),AND($B71="",INDEX(products!$I$2:$I$5,MATCH(G$1,products!$B$2:$B$5,0))=1))),1,0) -> 0 | H71: =IF(AND($D71<=90,$C71>=INDEX(products!$D$2:$D$5,MATCH(H$1,products!$B$2:$B$5,0)),OR($B71>=INDEX(products!$C$2:$C$5,MATCH(H$1,products!$B$2:$B$5,0)),AND($B71="",INDEX(products!$I$2:$I$5,MATCH(H$1,products!$B$2:$B$5,0))=1))),1,0) -> 0 | I71: =IFERROR(INDEX($E$1:$H$1,MATCH(1,E71:H71,0)),"No offer") -> No offer
A72: 5071 | B72: 719 | C72: 14000000 | D72: 7 | E72: =IF(AND($D72<=90,$C72>=INDEX(products!$D$2:$D$5,MATCH(E$1,products!$B$2:$B$5,0)),OR($B72>=INDEX(products!$C$2:$C$5,MATCH(E$1,products!$B$2:$B$5,0)),AND($B72="",INDEX(products!$I$2:$I$5,MATCH(E$1,products!$B$2:$B$5,0))=1))),1,0) -> 0 | F72: =IF(AND($D72<=90,$C72>=INDEX(products!$D$2:$D$5,MATCH(F$1,products!$B$2:$B$5,0)),OR($B72>=INDEX(products!$C$2:$C$5,MATCH(F$1,products!$B$2:$B$5,0)),AND($B72="",INDEX(products!$I$2:$I$5,MATCH(F$1,products!$B$2:$B$5,0))=1))),1,0) -> 1 | G72: =IF(AND($D72<=90,$C72>=INDEX(products!$D$2:$D$5,MATCH(G$1,products!$B$2:$B$5,0)),OR($B72>=INDEX(products!$C$2:$C$5,MATCH(G$1,products!$B$2:$B$5,0)),AND($B72="",INDEX(products!$I$2:$I$5,MATCH(G$1,products!$B$2:$B$5,0))=1))),1,0) -> 1 | H72: =IF(AND($D72<=90,$C72>=INDEX(products!$D$2:$D$5,MATCH(H$1,products!$B$2:$B$5,0)),OR($B72>=INDEX(products!$C$2:$C$5,MATCH(H$1,products!$B$2:$B$5,0)),AND($B72="",INDEX(products!$I$2:$I$5,MATCH(H$1,products!$B$2:$B$5,0))=1))),1,0) -> 1 | I72: =IFERROR(INDEX($E$1:$H$1,MATCH(1,E72:H72,0)),"No offer") -> Standard
A73: 5072 | B73: 653 | C73: 18000000 | D73: 8 | E73: =IF(AND($D73<=90,$C73>=INDEX(products!$D$2:$D$5,MATCH(E$1,products!$B$2:$B$5,0)),OR($B73>=INDEX(products!$C$2:$C$5,MATCH(E$1,products!$B$2:$B$5,0)),AND($B73="",INDEX(products!$I$2:$I$5,MATCH(E$1,products!$B$2:$B$5,0))=1))),1,0) -> 0 | F73: =IF(AND($D73<=90,$C73>=INDEX(products!$D$2:$D$5,MATCH(F$1,products!$B$2:$B$5,0)),OR($B73>=INDEX(products!$C$2:$C$5,MATCH(F$1,products!$B$2:$B$5,0)),AND($B73="",INDEX(products!$I$2:$I$5,MATCH(F$1,products!$B$2:$B$5,0))=1))),1,0) -> 1 | G73: =IF(AND($D73<=90,$C73>=INDEX(products!$D$2:$D$5,MATCH(G$1,products!$B$2:$B$5,0)),OR($B73>=INDEX(products!$C$2:$C$5,MATCH(G$1,products!$B$2:$B$5,0)),AND($B73="",INDEX(products!$I$2:$I$5,MATCH(G$1,products!$B$2:$B$5,0))=1))),1,0) -> 1 | H73: =IF(AND($D73<=90,$C73>=INDEX(products!$D$2:$D$5,MATCH(H$1,products!$B$2:$B$5,0)),OR($B73>=INDEX(products!$C$2:$C$5,MATCH(H$1,products!$B$2:$B$5,0)),AND($B73="",INDEX(products!$I$2:$I$5,MATCH(H$1,products!$B$2:$B$5,0))=1))),1,0) -> 1 | I73: =IFERROR(INDEX($E$1:$H$1,MATCH(1,E73:H73,0)),"No offer") -> Standard
A74: 5073 | C74: 12000000 | D74: 0 | E74: =IF(AND($D74<=90,$C74>=INDEX(products!$D$2:$D$5,MATCH(E$1,products!$B$2:$B$5,0)),OR($B74>=INDEX(products!$C$2:$C$5,MATCH(E$1,products!$B$2:$B$5,0)),AND($B74="",INDEX(products!$I$2:$I$5,MATCH(E$1,products!$B$2:$B$5,0))=1))),1,0) -> 0 | F74: =IF(AND($D74<=90,$C74>=INDEX(products!$D$2:$D$5,MATCH(F$1,products!$B$2:$B$5,0)),OR($B74>=INDEX(products!$C$2:$C$5,MATCH(F$1,products!$B$2:$B$5,0)),AND($B74="",INDEX(products!$I$2:$I$5,MATCH(F$1,products!$B$2:$B$5,0))=1))),1,0) -> 0 | G74: =IF(AND($D74<=90,$C74>=INDEX(products!$D$2:$D$5,MATCH(G$1,products!$B$2:$B$5,0)),OR($B74>=INDEX(products!$C$2:$C$5,MATCH(G$1,products!$B$2:$B$5,0)),AND($B74="",INDEX(products!$I$2:$I$5,MATCH(G$1,products!$B$2:$B$5,0))=1))),1,0) -> 0 | H74: =IF(AND($D74<=90,$C74>=INDEX(products!$D$2:$D$5,MATCH(H$1,products!$B$2:$B$5,0)),OR($B74>=INDEX(products!$C$2:$C$5,MATCH(H$1,products!$B$2:$B$5,0)),AND($B74="",INDEX(products!$I$2:$I$5,MATCH(H$1,products!$B$2:$B$5,0))=1))),1,0) -> 1 | I74: =IFERROR(INDEX($E$1:$H$1,MATCH(1,E74:H74,0)),"No offer") -> Micro
A75: 5074 | B75: 711 | C75: 17000000 | D75: 9 | E75: =IF(AND($D75<=90,$C75>=INDEX(products!$D$2:$D$5,MATCH(E$1,products!$B$2:$B$5,0)),OR($B75>=INDEX(products!$C$2:$C$5,MATCH(E$1,products!$B$2:$B$5,0)),AND($B75="",INDEX(products!$I$2:$I$5,MATCH(E$1,products!$B$2:$B$5,0))=1))),1,0) -> 1 | F75: =IF(AND($D75<=90,$C75>=INDEX(products!$D$2:$D$5,MATCH(F$1,products!$B$2:$B$5,0)),OR($B75>=INDEX(products!$C$2:$C$5,MATCH(F$1,products!$B$2:$B$5,0)),AND($B75="",INDEX(products!$I$2:$I$5,MATCH(F$1,products!$B$2:$B$5,0))=1))),1,0) -> 1 | G75: =IF(AND($D75<=90,$C75>=INDEX(products!$D$2:$D$5,MATCH(G$1,products!$B$2:$B$5,0)),OR($B75>=INDEX(products!$C$2:$C$5,MATCH(G$1,products!$B$2:$B$5,0)),AND($B75="",INDEX(products!$I$2:$I$5,MATCH(G$1,products!$B$2:$B$5,0))=1))),1,0) -> 1 | H75: =IF(AND($D75<=90,$C75>=INDEX(products!$D$2:$D$5,MATCH(H$1,products!$B$2:$B$5,0)),OR($B75>=INDEX(products!$C$2:$C$5,MATCH(H$1,products!$B$2:$B$5,0)),AND($B75="",INDEX(products!$I$2:$I$5,MATCH(H$1,products!$B$2:$B$5,0))=1))),1,0) -> 1 | I75: =IFERROR(INDEX($E$1:$H$1,MATCH(1,E75:H75,0)),"No offer") -> Prime
A76: 5075 | B76: 704 | C76: 15500000 | D76: 8 | E76: =IF(AND($D76<=90,$C76>=INDEX(products!$D$2:$D$5,MATCH(E$1,products!$B$2:$B$5,0)),OR($B76>=INDEX(products!$C$2:$C$5,MATCH(E$1,products!$B$2:$B$5,0)),AND($B76="",INDEX(products!$I$2:$I$5,MATCH(E$1,products!$B$2:$B$5,0))=1))),1,0) -> 1 | F76: =IF(AND($D76<=90,$C76>=INDEX(products!$D$2:$D$5,MATCH(F$1,products!$B$2:$B$5,0)),OR($B76>=INDEX(products!$C$2:$C$5,MATCH(F$1,products!$B$2:$B$5,0)),AND($B76="",INDEX(products!$I$2:$I$5,MATCH(F$1,products!$B$2:$B$5,0))=1))),1,0) -> 1 | G76: =IF(AND($D76<=90,$C76>=INDEX(products!$D$2:$D$5,MATCH(G$1,products!$B$2:$B$5,0)),OR($B76>=INDEX(products!$C$2:$C$5,MATCH(G$1,products!$B$2:$B$5,0)),AND($B76="",INDEX(products!$I$2:$I$5,MATCH(G$1,products!$B$2:$B$5,0))=1))),1,0) -> 1 | H76: =IF(AND($D76<=90,$C76>=INDEX(products!$D$2:$D$5,MATCH(H$1,products!$B$2:$B$5,0)),OR($B76>=INDEX(products!$C$2:$C$5,MATCH(H$1,products!$B$2:$B$5,0)),AND($B76="",INDEX(products!$I$2:$I$5,MATCH(H$1,products!$B$2:$B$5,0))=1))),1,0) -> 1 | I76: =IFERROR(INDEX($E$1:$H$1,MATCH(1,E76:H76,0)),"No offer") -> Prime
A77: 5076 | B77: 775 | C77: 12500000 | D77: 8 | E77: =IF(AND($D77<=90,$C77>=INDEX(products!$D$2:$D$5,MATCH(E$1,products!$B$2:$B$5,0)),OR($B77>=INDEX(products!$C$2:$C$5,MATCH(E$1,products!$B$2:$B$5,0)),AND($B77="",INDEX(products!$I$2:$I$5,MATCH(E$1,products!$B$2:$B$5,0))=1))),1,0) -> 0 | F77: =IF(AND($D77<=90,$C77>=INDEX(products!$D$2:$D$5,MATCH(F$1,products!$B$2:$B$5,0)),OR($B77>=INDEX(products!$C$2:$C$5,MATCH(F$1,products!$B$2:$B$5,0)),AND($B77="",INDEX(products!$I$2:$I$5,MATCH(F$1,products!$B$2:$B$5,0))=1))),1,0) -> 1 | G77: =IF(AND($D77<=90,$C77>=INDEX(products!$D$2:$D$5,MATCH(G$1,products!$B$2:$B$5,0)),OR($B77>=INDEX(products!$C$2:$C$5,MATCH(G$1,products!$B$2:$B$5,0)),AND($B77="",INDEX(products!$I$2:$I$5,MATCH(G$1,products!$B$2:$B$5,0))=1))),1,0) -> 1 | H77: =IF(AND($D77<=90,$C77>=INDEX(products!$D$2:$D$5,MATCH(H$1,products!$B$2:$B$5,0)),OR($B77>=INDEX(products!$C$2:$C$5,MATCH(H$1,products!$B$2:$B$5,0)),AND($B77="",INDEX(products!$I$2:$I$5,MATCH(H$1,products!$B$2:$B$5,0))=1))),1,0) -> 1 | I77: =IFERROR(INDEX($E$1:$H$1,MATCH(1,E77:H77,0)),"No offer") -> Standard
A78: 5077 | B78: 400 | C78: 5000000 | D78: 10 | E78: =IF(AND($D78<=90,$C78>=INDEX(products!$D$2:$D$5,MATCH(E$1,products!$B$2:$B$5,0)),OR($B78>=INDEX(products!$C$2:$C$5,MATCH(E$1,products!$B$2:$B$5,0)),AND($B78="",INDEX(products!$I$2:$I$5,MATCH(E$1,products!$B$2:$B$5,0))=1))),1,0) -> 0 | F78: =IF(AND($D78<=90,$C78>=INDEX(products!$D$2:$D$5,MATCH(F$1,products!$B$2:$B$5,0)),OR($B78>=INDEX(products!$C$2:$C$5,MATCH(F$1,products!$B$2:$B$5,0)),AND($B78="",INDEX(products!$I$2:$I$5,MATCH(F$1,products!$B$2:$B$5,0))=1))),1,0) -> 0 | G78: =IF(AND($D78<=90,$C78>=INDEX(products!$D$2:$D$5,MATCH(G$1,products!$B$2:$B$5,0)),OR($B78>=INDEX(products!$C$2:$C$5,MATCH(G$1,products!$B$2:$B$5,0)),AND($B78="",INDEX(products!$I$2:$I$5,MATCH(G$1,products!$B$2:$B$5,0))=1))),1,0) -> 0 | H78: =IF(AND($D78<=90,$C78>=INDEX(products!$D$2:$D$5,MATCH(H$1,products!$B$2:$B$5,0)),OR($B78>=INDEX(products!$C$2:$C$5,MATCH(H$1,products!$B$2:$B$5,0)),AND($B78="",INDEX(products!$I$2:$I$5,MATCH(H$1,products!$B$2:$B$5,0))=1))),1,0) -> 1 | I78: =IFERROR(INDEX($E$1:$H$1,MATCH(1,E78:H78,0)),"No offer") -> Micro
A79: 5078 | B79: 608 | C79: 16500000 | D79: 32 | E79: =IF(AND($D79<=90,$C79>=INDEX(products!$D$2:$D$5,MATCH(E$1,products!$B$2:$B$5,0)),OR($B79>=INDEX(products!$C$2:$C$5,MATCH(E$1,products!$B$2:$B$5,0)),AND($B79="",INDEX(products!$I$2:$I$5,MATCH(E$1,products!$B$2:$B$5,0))=1))),1,0) -> 0 | F79: =IF(AND($D79<=90,$C79>=INDEX(products!$D$2:$D$5,MATCH(F$1,products!$B$2:$B$5,0)),OR($B79>=INDEX(products!$C$2:$C$5,MATCH(F$1,products!$B$2:$B$5,0)),AND($B79="",INDEX(products!$I$2:$I$5,MATCH(F$1,products!$B$2:$B$5,0))=1))),1,0) -> 1 | G79: =IF(AND($D79<=90,$C79>=INDEX(products!$D$2:$D$5,MATCH(G$1,products!$B$2:$B$5,0)),OR($B79>=INDEX(products!$C$2:$C$5,MATCH(G$1,products!$B$2:$B$5,0)),AND($B79="",INDEX(products!$I$2:$I$5,MATCH(G$1,products!$B$2:$B$5,0))=1))),1,0) -> 1 | H79: =IF(AND($D79<=90,$C79>=INDEX(products!$D$2:$D$5,MATCH(H$1,products!$B$2:$B$5,0)),OR($B79>=INDEX(products!$C$2:$C$5,MATCH(H$1,products!$B$2:$B$5,0)),AND($B79="",INDEX(products!$I$2:$I$5,MATCH(H$1,products!$B$2:$B$5,0))=1))),1,0) -> 1 | I79: =IFERROR(INDEX($E$1:$H$1,MATCH(1,E79:H79,0)),"No offer") -> Standard
A80: 5079 | B80: 713 | C80: 18500000 | D80: 7 | E80: =IF(AND($D80<=90,$C80>=INDEX(products!$D$2:$D$5,MATCH(E$1,products!$B$2:$B$5,0)),OR($B80>=INDEX(products!$C$2:$C$5,MATCH(E$1,products!$B$2:$B$5,0)),AND($B80="",INDEX(products!$I$2:$I$5,MATCH(E$1,products!$B$2:$B$5,0))=1))),1,0) -> 1 | F80: =IF(AND($D80<=90,$C80>=INDEX(products!$D$2:$D$5,MATCH(F$1,products!$B$2:$B$5,0)),OR($B80>=INDEX(products!$C$2:$C$5,MATCH(F$1,products!$B$2:$B$5,0)),AND($B80="",INDEX(products!$I$2:$I$5,MATCH(F$1,products!$B$2:$B$5,0))=1))),1,0) -> 1 | G80: =IF(AND($D80<=90,$C80>=INDEX(products!$D$2:$D$5,MATCH(G$1,products!$B$2:$B$5,0)),OR($B80>=INDEX(products!$C$2:$C$5,MATCH(G$1,products!$B$2:$B$5,0)),AND($B80="",INDEX(products!$I$2:$I$5,MATCH(G$1,products!$B$2:$B$5,0))=1))),1,0) -> 1 | H80: =IF(AND($D80<=90,$C80>=INDEX(products!$D$2:$D$5,MATCH(H$1,products!$B$2:$B$5,0)),OR($B80>=INDEX(products!$C$2:$C$5,MATCH(H$1,products!$B$2:$B$5,0)),AND($B80="",INDEX(products!$I$2:$I$5,MATCH(H$1,products!$B$2:$B$5,0))=1))),1,0) -> 1 | I80: =IFERROR(INDEX($E$1:$H$1,MATCH(1,E80:H80,0)),"No offer") -> Prime
A81: 5080 | C81: 20000000 | D81: 0 | E81: =IF(AND($D81<=90,$C81>=INDEX(products!$D$2:$D$5,MATCH(E$1,products!$B$2:$B$5,0)),OR($B81>=INDEX(products!$C$2:$C$5,MATCH(E$1,products!$B$2:$B$5,0)),AND($B81="",INDEX(products!$I$2:$I$5,MATCH(E$1,products!$B$2:$B$5,0))=1))),1,0) -> 0 | F81: =IF(AND($D81<=90,$C81>=INDEX(products!$D$2:$D$5,MATCH(F$1,products!$B$2:$B$5,0)),OR($B81>=INDEX(products!$C$2:$C$5,MATCH(F$1,products!$B$2:$B$5,0)),AND($B81="",INDEX(products!$I$2:$I$5,MATCH(F$1,products!$B$2:$B$5,0))=1))),1,0) -> 0 | G81: =IF(AND($D81<=90,$C81>=INDEX(products!$D$2:$D$5,MATCH(G$1,products!$B$2:$B$5,0)),OR($B81>=INDEX(products!$C$2:$C$5,MATCH(G$1,products!$B$2:$B$5,0)),AND($B81="",INDEX(products!$I$2:$I$5,MATCH(G$1,products!$B$2:$B$5,0))=1))),1,0) -> 0 | H81: =IF(AND($D81<=90,$C81>=INDEX(products!$D$2:$D$5,MATCH(H$1,products!$B$2:$B$5,0)),OR($B81>=INDEX(products!$C$2:$C$5,MATCH(H$1,products!$B$2:$B$5,0)),AND($B81="",INDEX(products!$I$2:$I$5,MATCH(H$1,products!$B$2:$B$5,0))=1))),1,0) -> 1 | I81: =IFERROR(INDEX($E$1:$H$1,MATCH(1,E81:H81,0)),"No offer") -> Micro

Sheet task5
A1: applicant_id | B1: monthly_income | C1: existing_installments | D1: requested_amount | E1: requested_term | F1: product_id | G1: term | H1: afford_amount | I1: capped_amount | J1: offer | K1: interest | M1: product_id | N1: product | O1: offers | P1: total_offer | Q1: total_interest
A2: 5001 | B2: 17500000 | C2: 0 | D2: 131000000 | E2: 12 | F2: 0 | G2: =IF(F2=0,0,MIN(E2,INDEX(products!$F$2:$F$5,F2))) -> 0 | H2: =IF(F2=0,0,(INDEX(products!$H$2:$H$5,F2)*B2-C2)*G2/(1+INDEX(products!$G$2:$G$5,F2)*G2/12)) -> 0 | I2: =IF(F2=0,0,ROUNDDOWN(MIN(D2,INDEX(products!$E$2:$E$5,F2),MAX(H2,0)),-6)) -> 0 | J2: =IF(I2<5000000,0,I2) -> 0 | K2: =IF(J2=0,0,ROUND(J2*INDEX(products!$G$2:$G$5,F2)*G2/12,0)) -> 0 | M2: 1 | N2: =INDEX(products!$B$2:$B$5,M2) -> Prime | O2: =COUNTIFS($F$2:$F$81,M2,$J$2:$J$81,">0") -> 10 | P2: =SUMIFS($J$2:$J$81,$F$2:$F$81,M2) -> 988000000 | Q2: =SUMIFS($K$2:$K$81,$F$2:$F$81,M2) -> 213350000
A3: 5002 | B3: 11000000 | C3: 4200000 | D3: 29000000 | E3: 24 | F3: 2 | G3: =IF(F3=0,0,MIN(E3,INDEX(products!$F$2:$F$5,F3))) -> 24 | H3: =IF(F3=0,0,(INDEX(products!$H$2:$H$5,F3)*B3-C3)*G3/(1+INDEX(products!$G$2:$G$5,F3)*G3/12)) -> 13636364 | I3: =IF(F3=0,0,ROUNDDOWN(MIN(D3,INDEX(products!$E$2:$E$5,F3),MAX(H3,0)),-6)) -> 13000000 | J3: =IF(I3<5000000,0,I3) -> 13000000 | K3: =IF(J3=0,0,ROUND(J3*INDEX(products!$G$2:$G$5,F3)*G3/12,0)) -> 4160000 | M3: 2 | N3: =INDEX(products!$B$2:$B$5,M3) -> Standard | O3: =COUNTIFS($F$2:$F$81,M3,$J$2:$J$81,">0") -> 16 | P3: =SUMIFS($J$2:$J$81,$F$2:$F$81,M3) -> 720000000 | Q3: =SUMIFS($K$2:$K$81,$F$2:$F$81,M3) -> 227120000
A4: 5003 | B4: 7000000 | C4: 0 | D4: 51000000 | E4: 12 | F4: 4 | G4: =IF(F4=0,0,MIN(E4,INDEX(products!$F$2:$F$5,F4))) -> 12 | H4: =IF(F4=0,0,(INDEX(products!$H$2:$H$5,F4)*B4-C4)*G4/(1+INDEX(products!$G$2:$G$5,F4)*G4/12)) -> 22615385 | I4: =IF(F4=0,0,ROUNDDOWN(MIN(D4,INDEX(products!$E$2:$E$5,F4),MAX(H4,0)),-6)) -> 15000000 | J4: =IF(I4<5000000,0,I4) -> 15000000 | K4: =IF(J4=0,0,ROUND(J4*INDEX(products!$G$2:$G$5,F4)*G4/12,0)) -> 4500000 | M4: 3 | N4: =INDEX(products!$B$2:$B$5,M4) -> Starter | O4: =COUNTIFS($F$2:$F$81,M4,$J$2:$J$81,">0") -> 19 | P4: =SUMIFS($J$2:$J$81,$F$2:$F$81,M4) -> 529000000 | Q4: =SUMIFS($K$2:$K$81,$F$2:$F$81,M4) -> 209640000
A5: 5004 | B5: 20000000 | C5: 0 | D5: 88000000 | E5: 24 | F5: 0 | G5: =IF(F5=0,0,MIN(E5,INDEX(products!$F$2:$F$5,F5))) -> 0 | H5: =IF(F5=0,0,(INDEX(products!$H$2:$H$5,F5)*B5-C5)*G5/(1+INDEX(products!$G$2:$G$5,F5)*G5/12)) -> 0 | I5: =IF(F5=0,0,ROUNDDOWN(MIN(D5,INDEX(products!$E$2:$E$5,F5),MAX(H5,0)),-6)) -> 0 | J5: =IF(I5<5000000,0,I5) -> 0 | K5: =IF(J5=0,0,ROUND(J5*INDEX(products!$G$2:$G$5,F5)*G5/12,0)) -> 0 | M5: 4 | N5: =INDEX(products!$B$2:$B$5,M5) -> Micro | O5: =COUNTIFS($F$2:$F$81,M5,$J$2:$J$81,">0") -> 19 | P5: =SUMIFS($J$2:$J$81,$F$2:$F$81,M5) -> 268000000 | Q5: =SUMIFS($K$2:$K$81,$F$2:$F$81,M5) -> 76800000
A6: 5005 | B6: 20500000 | C6: 2200000 | D6: 110000000 | E6: 18 | F6: 4 | G6: =IF(F6=0,0,MIN(E6,INDEX(products!$F$2:$F$5,F6))) -> 12 | H6: =IF(F6=0,0,(INDEX(products!$H$2:$H$5,F6)*B6-C6)*G6/(1+INDEX(products!$G$2:$G$5,F6)*G6/12)) -> 45923077 | I6: =IF(F6=0,0,ROUNDDOWN(MIN(D6,INDEX(products!$E$2:$E$5,F6),MAX(H6,0)),-6)) -> 15000000 | J6: =IF(I6<5000000,0,I6) -> 15000000 | K6: =IF(J6=0,0,ROUND(J6*INDEX(products!$G$2:$G$5,F6)*G6/12,0)) -> 4500000
A7: 5006 | B7: 17500000 | C7: 0 | D7: 62000000 | E7: 48 | F7: 4 | G7: =IF(F7=0,0,MIN(E7,INDEX(products!$F$2:$F$5,F7))) -> 12 | H7: =IF(F7=0,0,(INDEX(products!$H$2:$H$5,F7)*B7-C7)*G7/(1+INDEX(products!$G$2:$G$5,F7)*G7/12)) -> 56538462 | I7: =IF(F7=0,0,ROUNDDOWN(MIN(D7,INDEX(products!$E$2:$E$5,F7),MAX(H7,0)),-6)) -> 15000000 | J7: =IF(I7<5000000,0,I7) -> 15000000 | K7: =IF(J7=0,0,ROUND(J7*INDEX(products!$G$2:$G$5,F7)*G7/12,0)) -> 4500000
A8: 5007 | B8: 8500000 | C8: 2100000 | D8: 84000000 | E8: 24 | F8: 3 | G8: =IF(F8=0,0,MIN(E8,INDEX(products!$F$2:$F$5,F8))) -> 24 | H8: =IF(F8=0,0,(INDEX(products!$H$2:$H$5,F8)*B8-C8)*G8/(1+INDEX(products!$G$2:$G$5,F8)*G8/12)) -> 21081081 | I8: =IF(F8=0,0,ROUNDDOWN(MIN(D8,INDEX(products!$E$2:$E$5,F8),MAX(H8,0)),-6)) -> 21000000 | J8: =IF(I8<5000000,0,I8) -> 21000000 | K8: =IF(J8=0,0,ROUND(J8*INDEX(products!$G$2:$G$5,F8)*G8/12,0)) -> 10080000
A9: 5008 | B9: 11000000 | C9: 3000000 | D9: 55000000 | E9: 36 | F9: 3 | G9: =IF(F9=0,0,MIN(E9,INDEX(products!$F$2:$F$5,F9))) -> 24 | H9: =IF(F9=0,0,(INDEX(products!$H$2:$H$5,F9)*B9-C9)*G9/(1+INDEX(products!$G$2:$G$5,F9)*G9/12)) -> 22702703 | I9: =IF(F9=0,0,ROUNDDOWN(MIN(D9,INDEX(products!$E$2:$E$5,F9),MAX(H9,0)),-6)) -> 22000000 | J9: =IF(I9<5000000,0,I9) -> 22000000 | K9: =IF(J9=0,0,ROUND(J9*INDEX(products!$G$2:$G$5,F9)*G9/12,0)) -> 10560000
A10: 5009 | B10: 11000000 | C10: 2700000 | D10: 120000000 | E10: 18 | F10: 0 | G10: =IF(F10=0,0,MIN(E10,INDEX(products!$F$2:$F$5,F10))) -> 0 | H10: =IF(F10=0,0,(INDEX(products!$H$2:$H$5,F10)*B10-C10)*G10/(1+INDEX(products!$G$2:$G$5,F10)*G10/12)) -> 0 | I10: =IF(F10=0,0,ROUNDDOWN(MIN(D10,INDEX(products!$E$2:$E$5,F10),MAX(H10,0)),-6)) -> 0 | J10: =IF(I10<5000000,0,I10) -> 0 | K10: =IF(J10=0,0,ROUND(J10*INDEX(products!$G$2:$G$5,F10)*G10/12,0)) -> 0
A11: 5010 | B11: 7000000 | C11: 600000 | D11: 32000000 | E11: 6 | F11: 3 | G11: =IF(F11=0,0,MIN(E11,INDEX(products!$F$2:$F$5,F11))) -> 6 | H11: =IF(F11=0,0,(INDEX(products!$H$2:$H$5,F11)*B11-C11)*G11/(1+INDEX(products!$G$2:$G$5,F11)*G11/12)) -> 11785714 | I11: =IF(F11=0,0,ROUNDDOWN(MIN(D11,INDEX(products!$E$2:$E$5,F11),MAX(H11,0)),-6)) -> 11000000 | J11: =IF(I11<5000000,0,I11) -> 11000000 | K11: =IF(J11=0,0,ROUND(J11*INDEX(products!$G$2:$G$5,F11)*G11/12,0)) -> 1320000
A12: 5011 | B12: 6000000 | C12: 0 | D12: 60000000 | E12: 12 | F12: 4 | G12: =IF(F12=0,0,MIN(E12,INDEX(products!$F$2:$F$5,F12))) -> 12 | H12: =IF(F12=0,0,(INDEX(products!$H$2:$H$5,F12)*B12-C12)*G12/(1+INDEX(products!$G$2:$G$5,F12)*G12/12)) -> 19384615 | I12: =IF(F12=0,0,ROUNDDOWN(MIN(D12,INDEX(products!$E$2:$E$5,F12),MAX(H12,0)),-6)) -> 15000000 | J12: =IF(I12<5000000,0,I12) -> 15000000 | K12: =IF(J12=0,0,ROUND(J12*INDEX(products!$G$2:$G$5,F12)*G12/12,0)) -> 4500000
A13: 5012 | B13: 17500000 | C13: 5800000 | D13: 166000000 | E13: 6 | F13: 4 | G13: =IF(F13=0,0,MIN(E13,INDEX(products!$F$2:$F$5,F13))) -> 6 | H13: =IF(F13=0,0,(INDEX(products!$H$2:$H$5,F13)*B13-C13)*G13/(1+INDEX(products!$G$2:$G$5,F13)*G13/12)) -> 1695652.2 | I13: =IF(F13=0,0,ROUNDDOWN(MIN(D13,INDEX(products!$E$2:$E$5,F13),MAX(H13,0)),-6)) -> 1000000 | J13: =IF(I13<5000000,0,I13) -> 0 | K13: =IF(J13=0,0,ROUND(J13*INDEX(products!$G$2:$G$5,F13)*G13/12,0)) -> 0
A14: 5013 | B14: 24000000 | C14: 7600000 | D14: 111000000 | E14: 48 | F14: 3 | G14: =IF(F14=0,0,MIN(E14,INDEX(products!$F$2:$F$5,F14))) -> 24 | H14: =IF(F14=0,0,(INDEX(products!$H$2:$H$5,F14)*B14-C14)*G14/(1+INDEX(products!$G$2:$G$5,F14)*G14/12)) -> 32432432 | I14: =IF(F14=0,0,ROUNDDOWN(MIN(D14,INDEX(products!$E$2:$E$5,F14),MAX(H14,0)),-6)) -> 32000000 | J14: =IF(I14<5000000,0,I14) -> 32000000 | K14: =IF(J14=0,0,ROUND(J14*INDEX(products!$G$2:$G$5,F14)*G14/12,0)) -> 15360000
A15: 5014 | B15: 12500000 | C15: 0 | D15: 52000000 | E15: 24 | F15: 4 | G15: =IF(F15=0,0,MIN(E15,INDEX(products!$F$2:$F$5,F15))) -> 12 | H15: =IF(F15=0,0,(INDEX(products!$H$2:$H$5,F15)*B15-C15)*G15/(1+INDEX(products!$G$2:$G$5,F15)*G15/12)) -> 40384615 | I15: =IF(F15=0,0,ROUNDDOWN(MIN(D15,INDEX(products!$E$2:$E$5,F15),MAX(H15,0)),-6)) -> 15000000 | J15: =IF(I15<5000000,0,I15) -> 15000000 | K15: =IF(J15=0,0,ROUND(J15*INDEX(products!$G$2:$G$5,F15)*G15/12,0)) -> 4500000
A16: 5015 | B16: 9500000 | C16: 0 | D16: 82000000 | E16: 12 | F16: 0 | G16: =IF(F16=0,0,MIN(E16,INDEX(products!$F$2:$F$5,F16))) -> 0 | H16: =IF(F16=0,0,(INDEX(products!$H$2:$H$5,F16)*B16-C16)*G16/(1+INDEX(products!$G$2:$G$5,F16)*G16/12)) -> 0 | I16: =IF(F16=0,0,ROUNDDOWN(MIN(D16,INDEX(products!$E$2:$E$5,F16),MAX(H16,0)),-6)) -> 0 | J16: =IF(I16<5000000,0,I16) -> 0 | K16: =IF(J16=0,0,ROUND(J16*INDEX(products!$G$2:$G$5,F16)*G16/12,0)) -> 0
A17: 5016 | B17: 26000000 | C17: 0 | D17: 200000000 | E17: 24 | F17: 4 | G17: =IF(F17=0,0,MIN(E17,INDEX(products!$F$2:$F$5,F17))) -> 12 | H17: =IF(F17=0,0,(INDEX(products!$H$2:$H$5,F17)*B17-C17)*G17/(1+INDEX(products!$G$2:$G$5,F17)*G17/12)) -> 84000000 | I17: =IF(F17=0,0,ROUNDDOWN(MIN(D17,INDEX(products!$E$2:$E$5,F17),MAX(H17,0)),-6)) -> 15000000 | J17: =IF(I17<5000000,0,I17) -> 15000000 | K17: =IF(J17=0,0,ROUND(J17*INDEX(products!$G$2:$G$5,F17)*G17/12,0)) -> 4500000
... A81: 5080 | B81: 20000000 | C81: 2300000 | D81: 147000000 | E81: 48 | F81: 4 | G81: =IF(F81=0,0,MIN(E81,INDEX(products!$F$2:$F$5,F81))) -> 12 | H81: =IF(F81=0,0,(INDEX(products!$H$2:$H$5,F81)*B81-C81)*G81/(1+INDEX(products!$G$2:$G$5,F81)*G81/12)) -> 43384615 | I81: =IF(F81=0,0,ROUNDDOWN(MIN(D81,INDEX(products!$E$2:$E$5,F81),MAX(H81,0)),-6)) -> 15000000 | J81: =IF(I81<5000000,0,I81) -> 15000000 | K81: =IF(J81=0,0,ROUND(J81*INDEX(products!$G$2:$G$5,F81)*G81/12,0)) -> 4500000
