Workbook

Sheet orders
A1: order_id | B1: order_date | C1: store_id | D1: product | E1: qty | F1: unit_price | G1: status | H1: line_total
A2: 1001 | B2: 46204 | C2: 1 | D2: Latte | E2: 1 | F2: 55000 | G2: completed | H2: =E2*F2 -> 55000
A3: 1002 | B3: 46205 | C3: 1 | D3: Latte | E3: 3 | F3: 55000 | G3: completed | H3: =E3*F3 -> 165000
A4: 1003 | B4: 46205 | C4: 1 | D4: Latte | E4: 1 | F4: 55000 | G4: completed | H4: =E4*F4 -> 55000
A5: 1004 | B5: 46206 | C5: 2 | D5: Croissant | E5: 4 | F5: 40000 | G5: completed | H5: =E5*F5 -> 160000
A6: 1005 | B6: 46206 | C6: 3 | D6: Americano | E6: 1 | F6: 45000 | G6: completed | H6: =E6*F6 -> 45000
A7: 1006 | B7: 46206 | C7: 3 | D7: Cold Brew | E7: 2 | F7: 60000 | G7: completed | H7: =E7*F7 -> 120000
A8: 1007 | B8: 46207 | C8: 1 | D8: Cold Brew | E8: 2 | F8: 60000 | G8: completed | H8: =E8*F8 -> 120000
A9: 1008 | B9: 46207 | C9: 3 | D9: Matcha | E9: 2 | F9: 65000 | G9: completed | H9: =E9*F9 -> 130000
A10: 1009 | B10: 46208 | C10: 2 | D10: Latte | E10: 2 | F10: 55000 | G10: completed | H10: =E10*F10 -> 110000
A11: 1010 | B11: 46209 | C11: 1 | D11: Americano | E11: 4 | F11: 45000 | G11: completed | H11: =E11*F11 -> 180000
A12: 1011 | B12: 46212 | C12: 1 | D12: Latte | E12: 4 | F12: 55000 | G12: completed | H12: =E12*F12 -> 220000
A13: 1012 | B13: 46212 | C13: 1 | D13: Americano | E13: 2 | F13: 45000 | G13: completed | H13: =E13*F13 -> 90000
... A91: 1090 | B91: 46295 | C91: 1 | D91: Matcha | E91: 2 | F91: 65000 | G91: completed | H91: =E91*F91 -> 130000

Sheet stores
A1: store_id | B1: store_name | C1: city
A2: 1 | B2: Saigon Central | C2: Ho Chi Minh City
A3: 2 | B3: Hanoi Old Quarter | C3: Hanoi
A4: 3 | B4: Da Nang Beach | C4: Da Nang

Sheet task1
A1: store_id | B1: store_name | C1: revenue
A2: 1 | B2: =INDEX(stores!$B$2:$B$4,MATCH(A2,stores!$A$2:$A$4,0)) -> Saigon Central | C2: =SUMIFS(orders!$H$2:$H$91,orders!$C$2:$C$91,A2,orders!$G$2:$G$91,"completed") -> 3835000
A3: 2 | B3: =INDEX(stores!$B$2:$B$4,MATCH(A3,stores!$A$2:$A$4,0)) -> Hanoi Old Quarter | C3: =SUMIFS(orders!$H$2:$H$91,orders!$C$2:$C$91,A3,orders!$G$2:$G$91,"completed") -> 2895000
A4: 3 | B4: =INDEX(stores!$B$2:$B$4,MATCH(A4,stores!$A$2:$A$4,0)) -> Da Nang Beach | C4: =SUMIFS(orders!$H$2:$H$91,orders!$C$2:$C$91,A4,orders!$G$2:$G$91,"completed") -> 3085000

Sheet task2
A1: store_id | B1: store_name | C1: total_orders | D1: cancelled | E1: cancel_rate_pct
A2: 1 | B2: =INDEX(stores!$B$2:$B$4,MATCH(A2,stores!$A$2:$A$4,0)) -> Saigon Central | C2: =COUNTIFS(orders!$C$2:$C$91,A2) -> 33 | D2: =COUNTIFS(orders!$C$2:$C$91,A2,orders!$G$2:$G$91,"cancelled") -> 1 | E2: =ROUND(100*D2/C2,1) -> 3
A3: 2 | B3: =INDEX(stores!$B$2:$B$4,MATCH(A3,stores!$A$2:$A$4,0)) -> Hanoi Old Quarter | C3: =COUNTIFS(orders!$C$2:$C$91,A3) -> 33 | D3: =COUNTIFS(orders!$C$2:$C$91,A3,orders!$G$2:$G$91,"cancelled") -> 6 | E3: =ROUND(100*D3/C3,1) -> 18.2
A4: 3 | B4: =INDEX(stores!$B$2:$B$4,MATCH(A4,stores!$A$2:$A$4,0)) -> Da Nang Beach | C4: =COUNTIFS(orders!$C$2:$C$91,A4) -> 24 | D4: =COUNTIFS(orders!$C$2:$C$91,A4,orders!$G$2:$G$91,"cancelled") -> 2 | E4: =ROUND(100*D4/C4,1) -> 8.3

Sheet task3
A1: month_start | B1: month | C1: revenue | D1: mom_growth_pct
A2: 46204 | B2: =TEXT(A2,"yyyy-mm") -> 2026-07 | C2: =SUMIFS(orders!$H$2:$H$91,orders!$G$2:$G$91,"completed",orders!$B$2:$B$91,">="&A2,orders!$B$2:$B$91,"<"&EDATE(A2,1)) -> 3300000
A3: 46235 | B3: =TEXT(A3,"yyyy-mm") -> 2026-08 | C3: =SUMIFS(orders!$H$2:$H$91,orders!$G$2:$G$91,"completed",orders!$B$2:$B$91,">="&A3,orders!$B$2:$B$91,"<"&EDATE(A3,1)) -> 3055000 | D3: =ROUND(100*(C3/C2-1),1) -> -7.4
A4: 46266 | B4: =TEXT(A4,"yyyy-mm") -> 2026-09 | C4: =SUMIFS(orders!$H$2:$H$91,orders!$G$2:$G$91,"completed",orders!$B$2:$B$91,">="&A4,orders!$B$2:$B$91,"<"&EDATE(A4,1)) -> 3460000 | D4: =ROUND(100*(C4/C3-1),1) -> 13.3

Sheet task4
A1: store_id | B1: store_name | C1: Latte | D1: Americano | E1: Cold Brew | F1: Croissant | G1: Matcha | H1: top_product | I1: top_revenue
A2: 1 | B2: =INDEX(stores!$B$2:$B$4,MATCH(A2,stores!$A$2:$A$4,0)) -> Saigon Central | C2: =SUMIFS(orders!$H$2:$H$91,orders!$C$2:$C$91,$A2,orders!$D$2:$D$91,C$1,orders!$G$2:$G$91,"completed") -> 770000 | D2: =SUMIFS(orders!$H$2:$H$91,orders!$C$2:$C$91,$A2,orders!$D$2:$D$91,D$1,orders!$G$2:$G$91,"completed") -> 495000 | E2: =SUMIFS(orders!$H$2:$H$91,orders!$C$2:$C$91,$A2,orders!$D$2:$D$91,E$1,orders!$G$2:$G$91,"completed") -> 1200000 | F2: =SUMIFS(orders!$H$2:$H$91,orders!$C$2:$C$91,$A2,orders!$D$2:$D$91,F$1,orders!$G$2:$G$91,"completed") -> 720000 | G2: =SUMIFS(orders!$H$2:$H$91,orders!$C$2:$C$91,$A2,orders!$D$2:$D$91,G$1,orders!$G$2:$G$91,"completed") -> 650000 | H2: =INDEX($C$1:$G$1,MATCH(MAX(C2:G2),C2:G2,0)) -> Cold Brew | I2: =MAX(C2:G2) -> 1200000
A3: 2 | B3: =INDEX(stores!$B$2:$B$4,MATCH(A3,stores!$A$2:$A$4,0)) -> Hanoi Old Quarter | C3: =SUMIFS(orders!$H$2:$H$91,orders!$C$2:$C$91,$A3,orders!$D$2:$D$91,C$1,orders!$G$2:$G$91,"completed") -> 605000 | D3: =SUMIFS(orders!$H$2:$H$91,orders!$C$2:$C$91,$A3,orders!$D$2:$D$91,D$1,orders!$G$2:$G$91,"completed") -> 495000 | E3: =SUMIFS(orders!$H$2:$H$91,orders!$C$2:$C$91,$A3,orders!$D$2:$D$91,E$1,orders!$G$2:$G$91,"completed") -> 240000 | F3: =SUMIFS(orders!$H$2:$H$91,orders!$C$2:$C$91,$A3,orders!$D$2:$D$91,F$1,orders!$G$2:$G$91,"completed") -> 840000 | G3: =SUMIFS(orders!$H$2:$H$91,orders!$C$2:$C$91,$A3,orders!$D$2:$D$91,G$1,orders!$G$2:$G$91,"completed") -> 715000 | H3: =INDEX($C$1:$G$1,MATCH(MAX(C3:G3),C3:G3,0)) -> Croissant | I3: =MAX(C3:G3) -> 840000
A4: 3 | B4: =INDEX(stores!$B$2:$B$4,MATCH(A4,stores!$A$2:$A$4,0)) -> Da Nang Beach | C4: =SUMIFS(orders!$H$2:$H$91,orders!$C$2:$C$91,$A4,orders!$D$2:$D$91,C$1,orders!$G$2:$G$91,"completed") -> 220000 | D4: =SUMIFS(orders!$H$2:$H$91,orders!$C$2:$C$91,$A4,orders!$D$2:$D$91,D$1,orders!$G$2:$G$91,"completed") -> 405000 | E4: =SUMIFS(orders!$H$2:$H$91,orders!$C$2:$C$91,$A4,orders!$D$2:$D$91,E$1,orders!$G$2:$G$91,"completed") -> 1260000 | F4: =SUMIFS(orders!$H$2:$H$91,orders!$C$2:$C$91,$A4,orders!$D$2:$D$91,F$1,orders!$G$2:$G$91,"completed") -> 160000 | G4: =SUMIFS(orders!$H$2:$H$91,orders!$C$2:$C$91,$A4,orders!$D$2:$D$91,G$1,orders!$G$2:$G$91,"completed") -> 1040000 | H4: =INDEX($C$1:$G$1,MATCH(MAX(C4:G4),C4:G4,0)) -> Cold Brew | I4: =MAX(C4:G4) -> 1260000
