Workbook

Sheet README
A1: Debt Classification Lab (educational)
A3: Reporting date: 30 Sep 2026. Previous month-end: 31 Aug 2026. Amounts in VND.
A4: Sheets loans and rules are the data. Sheets task1 to task5 hold one reference solution each, written as Excel formulas.
A5: Simplified rules, loosely based on Circular 11/2021/TT-NHNN (as amended by 31/2024/TT-NHNN): quantitative, days-past-due only.
A6: Not compliance advice. Real classification also uses qualitative criteria, restructuring status and collateral.

Sheet loans
A1: loan_id | B1: customer_id | C1: product | D1: disbursed | E1: principal | F1: outstanding | G1: dpd | H1: dpd_prev
A2: 7001 | B2: 3037 | C2: Credit card | D2: 45904 | E2: 14000000 | F2: 9000000 | G2: 15 | H2: 0
A3: 7002 | B3: 3035 | C3: Motorbike loan | D3: 45873 | E3: 55000000 | F3: 26200000 | G3: 0 | H3: 0
A4: 7003 | B4: 3065 | C4: Appliance installment | D4: 45642 | E4: 15000000 | F4: 6000000 | G4: 21 | H4: 0
A5: 7004 | B5: 3033 | C5: Motorbike loan | D5: 45835 | E5: 40000000 | F5: 23100000 | G5: 9 | H5: 0
A6: 7005 | B6: 3056 | C6: Credit card | D6: 45663 | E6: 31000000 | F6: 20600000 | G6: 0 | H6: 0
A7: 7006 | B7: 3017 | C7: Personal loan | D7: 45676 | E7: 44000000 | F7: 20300000 | G7: 69 | H7: 39
A8: 7007 | B8: 3022 | C8: Credit card | D8: 45750 | E8: 22000000 | F8: 11100000 | G8: 0 | H8: 0
A9: 7008 | B9: 3040 | C9: Personal loan | D9: 45694 | E9: 140000000 | F9: 133000000 | G9: 0 | H9: 0
A10: 7009 | B10: 3004 | C10: Motorbike loan | D10: 45507 | E10: 52000000 | F10: 40800000 | G10: 0 | H10: 0
A11: 7010 | B11: 3064 | C11: Personal loan | D11: 45996 | E11: 114000000 | F11: 87400000 | G11: 10 | H11: 0
A12: 7011 | B12: 3040 | C12: Credit card | D12: 45810 | E12: 18000000 | F12: 14900000 | G12: 89 | H12: 59
A13: 7012 | B13: 3040 | C13: Personal loan | D13: 46115 | E13: 163000000 | F13: 118500000 | G13: 26 | H13: 0
... A121: 7120 | B121: 3015 | C121: Personal loan | D121: 45557 | E121: 112000000 | F121: 41300000 | G121: 0 | H121: 0

Sheet rules
A1: grp | B1: label | C1: min_dpd | D1: max_dpd | E1: provision_rate
A2: 1 | B2: Pass | C2: 0 | D2: 9 | E2: 0
A3: 2 | B3: Special mention | C3: 10 | D3: 90 | E3: 0.05
A4: 3 | B4: Substandard | C4: 91 | D4: 180 | E4: 0.2
A5: 4 | B5: Doubtful | C5: 181 | D5: 360 | E5: 0.5
A6: 5 | B6: Loss | C6: 361 | D6: 99999 | E6: 1

Sheet task1
A1: grp | B1: label | C1: loans | D1: outstanding
A2: 1 | B2: =INDEX(rules!$B$2:$B$6,A2) -> Pass | C2: =COUNTIFS(loans!$G$2:$G$121,">="&INDEX(rules!$C$2:$C$6,A2),loans!$G$2:$G$121,"<="&INDEX(rules!$D$2:$D$6,A2)) -> 81 | D2: =SUMIFS(loans!$F$2:$F$121,loans!$G$2:$G$121,">="&INDEX(rules!$C$2:$C$6,A2),loans!$G$2:$G$121,"<="&INDEX(rules!$D$2:$D$6,A2)) -> 3293300000
A3: 2 | B3: =INDEX(rules!$B$2:$B$6,A3) -> Special mention | C3: =COUNTIFS(loans!$G$2:$G$121,">="&INDEX(rules!$C$2:$C$6,A3),loans!$G$2:$G$121,"<="&INDEX(rules!$D$2:$D$6,A3)) -> 22 | D3: =SUMIFS(loans!$F$2:$F$121,loans!$G$2:$G$121,">="&INDEX(rules!$C$2:$C$6,A3),loans!$G$2:$G$121,"<="&INDEX(rules!$D$2:$D$6,A3)) -> 743200000
A4: 3 | B4: =INDEX(rules!$B$2:$B$6,A4) -> Substandard | C4: =COUNTIFS(loans!$G$2:$G$121,">="&INDEX(rules!$C$2:$C$6,A4),loans!$G$2:$G$121,"<="&INDEX(rules!$D$2:$D$6,A4)) -> 7 | D4: =SUMIFS(loans!$F$2:$F$121,loans!$G$2:$G$121,">="&INDEX(rules!$C$2:$C$6,A4),loans!$G$2:$G$121,"<="&INDEX(rules!$D$2:$D$6,A4)) -> 180600000
A5: 4 | B5: =INDEX(rules!$B$2:$B$6,A5) -> Doubtful | C5: =COUNTIFS(loans!$G$2:$G$121,">="&INDEX(rules!$C$2:$C$6,A5),loans!$G$2:$G$121,"<="&INDEX(rules!$D$2:$D$6,A5)) -> 6 | D5: =SUMIFS(loans!$F$2:$F$121,loans!$G$2:$G$121,">="&INDEX(rules!$C$2:$C$6,A5),loans!$G$2:$G$121,"<="&INDEX(rules!$D$2:$D$6,A5)) -> 245800000
A6: 5 | B6: =INDEX(rules!$B$2:$B$6,A6) -> Loss | C6: =COUNTIFS(loans!$G$2:$G$121,">="&INDEX(rules!$C$2:$C$6,A6),loans!$G$2:$G$121,"<="&INDEX(rules!$D$2:$D$6,A6)) -> 4 | D6: =SUMIFS(loans!$F$2:$F$121,loans!$G$2:$G$121,">="&INDEX(rules!$C$2:$C$6,A6),loans!$G$2:$G$121,"<="&INDEX(rules!$D$2:$D$6,A6)) -> 214500000

Sheet task2
A1: grp | B1: outstanding | C1: provision_rate | D1: provision
A2: 1 | B2: =SUMIFS(loans!$F$2:$F$121,loans!$G$2:$G$121,">="&INDEX(rules!$C$2:$C$6,A2),loans!$G$2:$G$121,"<="&INDEX(rules!$D$2:$D$6,A2)) -> 3293300000 | C2: =INDEX(rules!$E$2:$E$6,A2) -> 0 | D2: =ROUND(B2*C2,0) -> 0
A3: 2 | B3: =SUMIFS(loans!$F$2:$F$121,loans!$G$2:$G$121,">="&INDEX(rules!$C$2:$C$6,A3),loans!$G$2:$G$121,"<="&INDEX(rules!$D$2:$D$6,A3)) -> 743200000 | C3: =INDEX(rules!$E$2:$E$6,A3) -> 0.05 | D3: =ROUND(B3*C3,0) -> 37160000
A4: 3 | B4: =SUMIFS(loans!$F$2:$F$121,loans!$G$2:$G$121,">="&INDEX(rules!$C$2:$C$6,A4),loans!$G$2:$G$121,"<="&INDEX(rules!$D$2:$D$6,A4)) -> 180600000 | C4: =INDEX(rules!$E$2:$E$6,A4) -> 0.2 | D4: =ROUND(B4*C4,0) -> 36120000
A5: 4 | B5: =SUMIFS(loans!$F$2:$F$121,loans!$G$2:$G$121,">="&INDEX(rules!$C$2:$C$6,A5),loans!$G$2:$G$121,"<="&INDEX(rules!$D$2:$D$6,A5)) -> 245800000 | C5: =INDEX(rules!$E$2:$E$6,A5) -> 0.5 | D5: =ROUND(B5*C5,0) -> 122900000
A6: 5 | B6: =SUMIFS(loans!$F$2:$F$121,loans!$G$2:$G$121,">="&INDEX(rules!$C$2:$C$6,A6),loans!$G$2:$G$121,"<="&INDEX(rules!$D$2:$D$6,A6)) -> 214500000 | C6: =INDEX(rules!$E$2:$E$6,A6) -> 1 | D6: =ROUND(B6*C6,0) -> 214500000

Sheet task3
A1: total_outstanding | B1: npl_outstanding | C1: npl_ratio_pct | D1: total_provision | E1: coverage_pct
A2: =SUM(B5:B9) -> 4677400000 | B2: =SUM(B7:B9) -> 640900000 | C2: =ROUND(100*B2/A2,2) -> 13.7 | D2: =SUM(C5:C9) -> 410680000 | E2: =ROUND(100*D2/B2,2) -> 64.08
A4: grp | B4: outstanding | C4: provision
A5: 1 | B5: =SUMIFS(loans!$F$2:$F$121,loans!$G$2:$G$121,">="&INDEX(rules!$C$2:$C$6,A5),loans!$G$2:$G$121,"<="&INDEX(rules!$D$2:$D$6,A5)) -> 3293300000 | C5: =ROUND(B5*INDEX(rules!$E$2:$E$6,A5),0) -> 0
A6: 2 | B6: =SUMIFS(loans!$F$2:$F$121,loans!$G$2:$G$121,">="&INDEX(rules!$C$2:$C$6,A6),loans!$G$2:$G$121,"<="&INDEX(rules!$D$2:$D$6,A6)) -> 743200000 | C6: =ROUND(B6*INDEX(rules!$E$2:$E$6,A6),0) -> 37160000
A7: 3 | B7: =SUMIFS(loans!$F$2:$F$121,loans!$G$2:$G$121,">="&INDEX(rules!$C$2:$C$6,A7),loans!$G$2:$G$121,"<="&INDEX(rules!$D$2:$D$6,A7)) -> 180600000 | C7: =ROUND(B7*INDEX(rules!$E$2:$E$6,A7),0) -> 36120000
A8: 4 | B8: =SUMIFS(loans!$F$2:$F$121,loans!$G$2:$G$121,">="&INDEX(rules!$C$2:$C$6,A8),loans!$G$2:$G$121,"<="&INDEX(rules!$D$2:$D$6,A8)) -> 245800000 | C8: =ROUND(B8*INDEX(rules!$E$2:$E$6,A8),0) -> 122900000
A9: 5 | B9: =SUMIFS(loans!$F$2:$F$121,loans!$G$2:$G$121,">="&INDEX(rules!$C$2:$C$6,A9),loans!$G$2:$G$121,"<="&INDEX(rules!$D$2:$D$6,A9)) -> 214500000 | C9: =ROUND(B9*INDEX(rules!$E$2:$E$6,A9),0) -> 214500000

Sheet task4
A1: loan_id | B1: customer_id | C1: outstanding | D1: dpd | E1: own_grp | F1: worst_grp | H1: grp | I1: loans | J1: outstanding
A2: 7001 | B2: 3037 | C2: 9000000 | D2: 15 | E2: =MATCH(D2,rules!$C$2:$C$6,1) -> 2 | F2: =_xlfn.MAXIFS($E$2:$E$121,$B$2:$B$121,B2) -> 2 | H2: 1 | I2: =COUNTIF($F$2:$F$121,H2) -> 51 | J2: =SUMIFS($C$2:$C$121,$F$2:$F$121,H2) -> 1610300000
A3: 7002 | B3: 3035 | C3: 26200000 | D3: 0 | E3: =MATCH(D3,rules!$C$2:$C$6,1) -> 1 | F3: =_xlfn.MAXIFS($E$2:$E$121,$B$2:$B$121,B3) -> 1 | H3: 2 | I3: =COUNTIF($F$2:$F$121,H3) -> 28 | J3: =SUMIFS($C$2:$C$121,$F$2:$F$121,H3) -> 1178500000
A4: 7003 | B4: 3065 | C4: 6000000 | D4: 21 | E4: =MATCH(D4,rules!$C$2:$C$6,1) -> 2 | F4: =_xlfn.MAXIFS($E$2:$E$121,$B$2:$B$121,B4) -> 2 | H4: 3 | I4: =COUNTIF($F$2:$F$121,H4) -> 13 | J4: =SUMIFS($C$2:$C$121,$F$2:$F$121,H4) -> 581000000
A5: 7004 | B5: 3033 | C5: 23100000 | D5: 9 | E5: =MATCH(D5,rules!$C$2:$C$6,1) -> 1 | F5: =_xlfn.MAXIFS($E$2:$E$121,$B$2:$B$121,B5) -> 5 | H5: 4 | I5: =COUNTIF($F$2:$F$121,H5) -> 19 | J5: =SUMIFS($C$2:$C$121,$F$2:$F$121,H5) -> 845100000
A6: 7005 | B6: 3056 | C6: 20600000 | D6: 0 | E6: =MATCH(D6,rules!$C$2:$C$6,1) -> 1 | F6: =_xlfn.MAXIFS($E$2:$E$121,$B$2:$B$121,B6) -> 1 | H6: 5 | I6: =COUNTIF($F$2:$F$121,H6) -> 9 | J6: =SUMIFS($C$2:$C$121,$F$2:$F$121,H6) -> 462500000
A7: 7006 | B7: 3017 | C7: 20300000 | D7: 69 | E7: =MATCH(D7,rules!$C$2:$C$6,1) -> 2 | F7: =_xlfn.MAXIFS($E$2:$E$121,$B$2:$B$121,B7) -> 3
A8: 7007 | B8: 3022 | C8: 11100000 | D8: 0 | E8: =MATCH(D8,rules!$C$2:$C$6,1) -> 1 | F8: =_xlfn.MAXIFS($E$2:$E$121,$B$2:$B$121,B8) -> 1
A9: 7008 | B9: 3040 | C9: 133000000 | D9: 0 | E9: =MATCH(D9,rules!$C$2:$C$6,1) -> 1 | F9: =_xlfn.MAXIFS($E$2:$E$121,$B$2:$B$121,B9) -> 4
A10: 7009 | B10: 3004 | C10: 40800000 | D10: 0 | E10: =MATCH(D10,rules!$C$2:$C$6,1) -> 1 | F10: =_xlfn.MAXIFS($E$2:$E$121,$B$2:$B$121,B10) -> 2
A11: 7010 | B11: 3064 | C11: 87400000 | D11: 10 | E11: =MATCH(D11,rules!$C$2:$C$6,1) -> 2 | F11: =_xlfn.MAXIFS($E$2:$E$121,$B$2:$B$121,B11) -> 2
A12: 7011 | B12: 3040 | C12: 14900000 | D12: 89 | E12: =MATCH(D12,rules!$C$2:$C$6,1) -> 2 | F12: =_xlfn.MAXIFS($E$2:$E$121,$B$2:$B$121,B12) -> 4
A13: 7012 | B13: 3040 | C13: 118500000 | D13: 26 | E13: =MATCH(D13,rules!$C$2:$C$6,1) -> 2 | F13: =_xlfn.MAXIFS($E$2:$E$121,$B$2:$B$121,B13) -> 4
A14: 7013 | B14: 3017 | C14: 26900000 | D14: 111 | E14: =MATCH(D14,rules!$C$2:$C$6,1) -> 3 | F14: =_xlfn.MAXIFS($E$2:$E$121,$B$2:$B$121,B14) -> 3
A15: 7014 | B15: 3061 | C15: 16600000 | D15: 80 | E15: =MATCH(D15,rules!$C$2:$C$6,1) -> 2 | F15: =_xlfn.MAXIFS($E$2:$E$121,$B$2:$B$121,B15) -> 2
A16: 7015 | B16: 3024 | C16: 5900000 | D16: 0 | E16: =MATCH(D16,rules!$C$2:$C$6,1) -> 1 | F16: =_xlfn.MAXIFS($E$2:$E$121,$B$2:$B$121,B16) -> 1
A17: 7016 | B17: 3002 | C17: 14800000 | D17: 0 | E17: =MATCH(D17,rules!$C$2:$C$6,1) -> 1 | F17: =_xlfn.MAXIFS($E$2:$E$121,$B$2:$B$121,B17) -> 4
A18: 7017 | B18: 3046 | C18: 68700000 | D18: 0 | E18: =MATCH(D18,rules!$C$2:$C$6,1) -> 1 | F18: =_xlfn.MAXIFS($E$2:$E$121,$B$2:$B$121,B18) -> 1
... A121: 7120 | B121: 3015 | C121: 41300000 | D121: 0 | E121: =MATCH(D121,rules!$C$2:$C$6,1) -> 1 | F121: =_xlfn.MAXIFS($E$2:$E$121,$B$2:$B$121,B121) -> 1

Sheet task5
A1: from_grp | B1: 1 | C1: 2 | D1: 3 | E1: 4 | F1: 5
A2: 1 | B2: =COUNTIFS(loans!$H$2:$H$121,">="&INDEX(rules!$C$2:$C$6,$A2),loans!$H$2:$H$121,"<="&INDEX(rules!$D$2:$D$6,$A2),loans!$G$2:$G$121,">="&INDEX(rules!$C$2:$C$6,B$1),loans!$G$2:$G$121,"<="&INDEX(rules!$D$2:$D$6,B$1)) -> 66 | C2: =COUNTIFS(loans!$H$2:$H$121,">="&INDEX(rules!$C$2:$C$6,$A2),loans!$H$2:$H$121,"<="&INDEX(rules!$D$2:$D$6,$A2),loans!$G$2:$G$121,">="&INDEX(rules!$C$2:$C$6,C$1),loans!$G$2:$G$121,"<="&INDEX(rules!$D$2:$D$6,C$1)) -> 12 | D2: =COUNTIFS(loans!$H$2:$H$121,">="&INDEX(rules!$C$2:$C$6,$A2),loans!$H$2:$H$121,"<="&INDEX(rules!$D$2:$D$6,$A2),loans!$G$2:$G$121,">="&INDEX(rules!$C$2:$C$6,D$1),loans!$G$2:$G$121,"<="&INDEX(rules!$D$2:$D$6,D$1)) -> 0 | E2: =COUNTIFS(loans!$H$2:$H$121,">="&INDEX(rules!$C$2:$C$6,$A2),loans!$H$2:$H$121,"<="&INDEX(rules!$D$2:$D$6,$A2),loans!$G$2:$G$121,">="&INDEX(rules!$C$2:$C$6,E$1),loans!$G$2:$G$121,"<="&INDEX(rules!$D$2:$D$6,E$1)) -> 0 | F2: =COUNTIFS(loans!$H$2:$H$121,">="&INDEX(rules!$C$2:$C$6,$A2),loans!$H$2:$H$121,"<="&INDEX(rules!$D$2:$D$6,$A2),loans!$G$2:$G$121,">="&INDEX(rules!$C$2:$C$6,F$1),loans!$G$2:$G$121,"<="&INDEX(rules!$D$2:$D$6,F$1)) -> 0
A3: 2 | B3: =COUNTIFS(loans!$H$2:$H$121,">="&INDEX(rules!$C$2:$C$6,$A3),loans!$H$2:$H$121,"<="&INDEX(rules!$D$2:$D$6,$A3),loans!$G$2:$G$121,">="&INDEX(rules!$C$2:$C$6,B$1),loans!$G$2:$G$121,"<="&INDEX(rules!$D$2:$D$6,B$1)) -> 14 | C3: =COUNTIFS(loans!$H$2:$H$121,">="&INDEX(rules!$C$2:$C$6,$A3),loans!$H$2:$H$121,"<="&INDEX(rules!$D$2:$D$6,$A3),loans!$G$2:$G$121,">="&INDEX(rules!$C$2:$C$6,C$1),loans!$G$2:$G$121,"<="&INDEX(rules!$D$2:$D$6,C$1)) -> 10 | D3: =COUNTIFS(loans!$H$2:$H$121,">="&INDEX(rules!$C$2:$C$6,$A3),loans!$H$2:$H$121,"<="&INDEX(rules!$D$2:$D$6,$A3),loans!$G$2:$G$121,">="&INDEX(rules!$C$2:$C$6,D$1),loans!$G$2:$G$121,"<="&INDEX(rules!$D$2:$D$6,D$1)) -> 3 | E3: =COUNTIFS(loans!$H$2:$H$121,">="&INDEX(rules!$C$2:$C$6,$A3),loans!$H$2:$H$121,"<="&INDEX(rules!$D$2:$D$6,$A3),loans!$G$2:$G$121,">="&INDEX(rules!$C$2:$C$6,E$1),loans!$G$2:$G$121,"<="&INDEX(rules!$D$2:$D$6,E$1)) -> 0 | F3: =COUNTIFS(loans!$H$2:$H$121,">="&INDEX(rules!$C$2:$C$6,$A3),loans!$H$2:$H$121,"<="&INDEX(rules!$D$2:$D$6,$A3),loans!$G$2:$G$121,">="&INDEX(rules!$C$2:$C$6,F$1),loans!$G$2:$G$121,"<="&INDEX(rules!$D$2:$D$6,F$1)) -> 0
A4: 3 | B4: =COUNTIFS(loans!$H$2:$H$121,">="&INDEX(rules!$C$2:$C$6,$A4),loans!$H$2:$H$121,"<="&INDEX(rules!$D$2:$D$6,$A4),loans!$G$2:$G$121,">="&INDEX(rules!$C$2:$C$6,B$1),loans!$G$2:$G$121,"<="&INDEX(rules!$D$2:$D$6,B$1)) -> 1 | C4: =COUNTIFS(loans!$H$2:$H$121,">="&INDEX(rules!$C$2:$C$6,$A4),loans!$H$2:$H$121,"<="&INDEX(rules!$D$2:$D$6,$A4),loans!$G$2:$G$121,">="&INDEX(rules!$C$2:$C$6,C$1),loans!$G$2:$G$121,"<="&INDEX(rules!$D$2:$D$6,C$1)) -> 0 | D4: =COUNTIFS(loans!$H$2:$H$121,">="&INDEX(rules!$C$2:$C$6,$A4),loans!$H$2:$H$121,"<="&INDEX(rules!$D$2:$D$6,$A4),loans!$G$2:$G$121,">="&INDEX(rules!$C$2:$C$6,D$1),loans!$G$2:$G$121,"<="&INDEX(rules!$D$2:$D$6,D$1)) -> 4 | E4: =COUNTIFS(loans!$H$2:$H$121,">="&INDEX(rules!$C$2:$C$6,$A4),loans!$H$2:$H$121,"<="&INDEX(rules!$D$2:$D$6,$A4),loans!$G$2:$G$121,">="&INDEX(rules!$C$2:$C$6,E$1),loans!$G$2:$G$121,"<="&INDEX(rules!$D$2:$D$6,E$1)) -> 3 | F4: =COUNTIFS(loans!$H$2:$H$121,">="&INDEX(rules!$C$2:$C$6,$A4),loans!$H$2:$H$121,"<="&INDEX(rules!$D$2:$D$6,$A4),loans!$G$2:$G$121,">="&INDEX(rules!$C$2:$C$6,F$1),loans!$G$2:$G$121,"<="&INDEX(rules!$D$2:$D$6,F$1)) -> 0
A5: 4 | B5: =COUNTIFS(loans!$H$2:$H$121,">="&INDEX(rules!$C$2:$C$6,$A5),loans!$H$2:$H$121,"<="&INDEX(rules!$D$2:$D$6,$A5),loans!$G$2:$G$121,">="&INDEX(rules!$C$2:$C$6,B$1),loans!$G$2:$G$121,"<="&INDEX(rules!$D$2:$D$6,B$1)) -> 0 | C5: =COUNTIFS(loans!$H$2:$H$121,">="&INDEX(rules!$C$2:$C$6,$A5),loans!$H$2:$H$121,"<="&INDEX(rules!$D$2:$D$6,$A5),loans!$G$2:$G$121,">="&INDEX(rules!$C$2:$C$6,C$1),loans!$G$2:$G$121,"<="&INDEX(rules!$D$2:$D$6,C$1)) -> 0 | D5: =COUNTIFS(loans!$H$2:$H$121,">="&INDEX(rules!$C$2:$C$6,$A5),loans!$H$2:$H$121,"<="&INDEX(rules!$D$2:$D$6,$A5),loans!$G$2:$G$121,">="&INDEX(rules!$C$2:$C$6,D$1),loans!$G$2:$G$121,"<="&INDEX(rules!$D$2:$D$6,D$1)) -> 0 | E5: =COUNTIFS(loans!$H$2:$H$121,">="&INDEX(rules!$C$2:$C$6,$A5),loans!$H$2:$H$121,"<="&INDEX(rules!$D$2:$D$6,$A5),loans!$G$2:$G$121,">="&INDEX(rules!$C$2:$C$6,E$1),loans!$G$2:$G$121,"<="&INDEX(rules!$D$2:$D$6,E$1)) -> 3 | F5: =COUNTIFS(loans!$H$2:$H$121,">="&INDEX(rules!$C$2:$C$6,$A5),loans!$H$2:$H$121,"<="&INDEX(rules!$D$2:$D$6,$A5),loans!$G$2:$G$121,">="&INDEX(rules!$C$2:$C$6,F$1),loans!$G$2:$G$121,"<="&INDEX(rules!$D$2:$D$6,F$1)) -> 2
A6: 5 | B6: =COUNTIFS(loans!$H$2:$H$121,">="&INDEX(rules!$C$2:$C$6,$A6),loans!$H$2:$H$121,"<="&INDEX(rules!$D$2:$D$6,$A6),loans!$G$2:$G$121,">="&INDEX(rules!$C$2:$C$6,B$1),loans!$G$2:$G$121,"<="&INDEX(rules!$D$2:$D$6,B$1)) -> 0 | C6: =COUNTIFS(loans!$H$2:$H$121,">="&INDEX(rules!$C$2:$C$6,$A6),loans!$H$2:$H$121,"<="&INDEX(rules!$D$2:$D$6,$A6),loans!$G$2:$G$121,">="&INDEX(rules!$C$2:$C$6,C$1),loans!$G$2:$G$121,"<="&INDEX(rules!$D$2:$D$6,C$1)) -> 0 | D6: =COUNTIFS(loans!$H$2:$H$121,">="&INDEX(rules!$C$2:$C$6,$A6),loans!$H$2:$H$121,"<="&INDEX(rules!$D$2:$D$6,$A6),loans!$G$2:$G$121,">="&INDEX(rules!$C$2:$C$6,D$1),loans!$G$2:$G$121,"<="&INDEX(rules!$D$2:$D$6,D$1)) -> 0 | E6: =COUNTIFS(loans!$H$2:$H$121,">="&INDEX(rules!$C$2:$C$6,$A6),loans!$H$2:$H$121,"<="&INDEX(rules!$D$2:$D$6,$A6),loans!$G$2:$G$121,">="&INDEX(rules!$C$2:$C$6,E$1),loans!$G$2:$G$121,"<="&INDEX(rules!$D$2:$D$6,E$1)) -> 0 | F6: =COUNTIFS(loans!$H$2:$H$121,">="&INDEX(rules!$C$2:$C$6,$A6),loans!$H$2:$H$121,"<="&INDEX(rules!$D$2:$D$6,$A6),loans!$G$2:$G$121,">="&INDEX(rules!$C$2:$C$6,F$1),loans!$G$2:$G$121,"<="&INDEX(rules!$D$2:$D$6,F$1)) -> 2
